-- phpMyAdmin SQL Dump
-- version 4.5.1
-- http://www.phpmyadmin.net
--
-- Host: 127.0.0.1
-- Generation Time: Dec 11, 2018 at 08:38 PM
-- Server version: 10.1.13-MariaDB
-- PHP Version: 5.6.23

SET SQL_MODE = "NO_AUTO_VALUE_ON_ZERO";
SET time_zone = "+00:00";


/*!40101 SET @OLD_CHARACTER_SET_CLIENT=@@CHARACTER_SET_CLIENT */;
/*!40101 SET @OLD_CHARACTER_SET_RESULTS=@@CHARACTER_SET_RESULTS */;
/*!40101 SET @OLD_COLLATION_CONNECTION=@@COLLATION_CONNECTION */;
/*!40101 SET NAMES utf8mb4 */;

--
-- Database: `skpm`
--

-- --------------------------------------------------------

--
-- Table structure for table `admin`
--

CREATE TABLE `admin` (
  `admin_id` int(11) NOT NULL,
  `admin_email` varchar(255) NOT NULL,
  `admin_username` varchar(255) NOT NULL,
  `admin_password` varchar(255) NOT NULL
) ENGINE=InnoDB DEFAULT CHARSET=latin1;

--
-- Dumping data for table `admin`
--

INSERT INTO `admin` (`admin_id`, `admin_email`, `admin_username`, `admin_password`) VALUES
(1, 'skpmlibrary@gmail.com', 'admin', 'e10adc3949ba59abbe56e057f20f883e');

-- --------------------------------------------------------

--
-- Table structure for table `book`
--

CREATE TABLE `book` (
  `book_id` int(11) NOT NULL,
  `book_code` varchar(255) NOT NULL,
  `book_isbn` varchar(255) NOT NULL,
  `book_tittle` varchar(255) NOT NULL,
  `category_id` int(11) NOT NULL,
  `book_author` varchar(255) NOT NULL,
  `book_publisher` varchar(255) NOT NULL,
  `book_year` int(11) NOT NULL,
  `book_receive` datetime NOT NULL,
  `book_price` double NOT NULL,
  `shelf_id` int(11) NOT NULL,
  `book_status` int(11) NOT NULL,
  `book_remark` int(11) NOT NULL,
  `book_damage` datetime NOT NULL
) ENGINE=InnoDB DEFAULT CHARSET=latin1;

--
-- Dumping data for table `book`
--

INSERT INTO `book` (`book_id`, `book_code`, `book_isbn`, `book_tittle`, `category_id`, `book_author`, `book_publisher`, `book_year`, `book_receive`, `book_price`, `shelf_id`, `book_status`, `book_remark`, `book_damage`) VALUES
(10, '9789834613747-1', '9789834613747', 'Tatabahasa Dewan : Binaan Ayat ', 5, 'Nik Safiah Karim', 'Dewan Bahasa & Pustaka', 2015, '2018-01-01 00:00:00', 12, 5, 0, 0, '0000-00-00 00:00:00'),
(11, '9789834613747-2', '9789834613747', 'Tatabahasa Dewan : Binaan Ayat ', 5, 'Nik Safiah Karim', 'Dewan Bahasa & Pustaka', 2015, '2018-01-01 00:00:00', 12, 5, 0, 0, '0000-00-00 00:00:00'),
(12, '9789834613730-1', '9789834613730', 'Tatabahasa Dewan : Golongan Kata', 5, 'Hashim Haji Musa', 'Dewan Bahasa & Pustaka', 2015, '2018-01-01 00:00:00', 12, 5, 0, 0, '0000-00-00 00:00:00'),
(13, '9789834613730-2', '9789834613730', 'Tatabahasa Dewan : Golongan Kata', 5, 'Hashim Haji Musa', 'Dewan Bahasa & Pustaka', 2015, '2018-01-01 00:00:00', 12, 5, 1, 0, '0000-00-00 00:00:00'),
(14, '9789834613723-1', '9789834613723', 'Tatabahasa Dewan : Bentuk Kata', 5, 'Farid M. Onn', 'Dewan Bahasa & Pustaka', 2015, '2018-01-01 00:00:00', 12, 5, 0, 0, '0000-00-00 00:00:00'),
(15, '9789834613723-2', '9789834613723', 'Tatabahasa Dewan : Bentuk Kata', 5, 'Farid M. Onn', 'Dewan Bahasa & Pustaka', 2015, '2018-01-01 00:00:00', 12, 5, 0, 0, '0000-00-00 00:00:00'),
(16, '9789835995033-1', '9789835995033', 'Super Skills : Reka Bentuk dan Teknologi ', 7, 'Mohd Rahim Mohd Sharif', 'Sasbadi Holdings', 2018, '2018-01-01 00:00:00', 10, 7, 0, 0, '0000-00-00 00:00:00'),
(17, '9789835995033-2', '9789835995033', 'Super Skills : Reka Bentuk dan Teknologi ', 7, 'Mohd Rahim Mohd Sharif', 'Sasbadi Holdings', 2018, '2018-01-01 00:00:00', 10, 7, 0, 0, '0000-00-00 00:00:00'),
(18, '9789835995033-3', '9789835995033', 'Super Skills : Reka Bentuk dan Teknologi ', 7, 'Mohd Rahim Mohd Sharif', 'Sasbadi Holdings', 2018, '2018-01-01 00:00:00', 10, 7, 0, 0, '0000-00-00 00:00:00'),
(19, '9789835995033-4', '9789835995033', 'Super Skills : Reka Bentuk dan Teknologi ', 7, 'Mohd Rahim Mohd Sharif', 'Sasbadi Holdings', 2018, '2018-01-01 00:00:00', 10, 7, 0, 0, '0000-00-00 00:00:00'),
(20, '9789835995033-5', '9789835995033', 'Super Skills : Reka Bentuk dan Teknologi ', 7, 'Mohd Rahim Mohd Sharif', 'Sasbadi Holdings', 2018, '2018-01-01 00:00:00', 10, 7, 0, 0, '0000-00-00 00:00:00'),
(21, '9789835995033-6', '9789835995033', 'Super Skills : Reka Bentuk dan Teknologi ', 7, 'Mohd Rahim Mohd Sharif', 'Sasbadi Holdings', 2018, '2018-01-01 00:00:00', 10, 7, 0, 0, '0000-00-00 00:00:00'),
(22, '9789834714178-1', '9789834714178', 'Novel : Pantai Kasih ', 1, 'Azmah Nordin', 'Pekan Ilmu Publications', 2016, '2018-01-01 00:00:00', 8, 1, 0, 0, '0000-00-00 00:00:00'),
(23, '9789834714178-2', '9789834714178', 'Novel : Pantai Kasih ', 1, 'Azmah Nordin', 'Pekan Ilmu Publications', 2016, '2018-01-01 00:00:00', 8, 1, 0, 0, '0000-00-00 00:00:00'),
(24, '9789834714178-3', '9789834714178', 'Novel : Pantai Kasih ', 1, 'Azmah Nordin', 'Pekan Ilmu Publications', 2016, '2018-01-01 00:00:00', 8, 1, 0, 0, '0000-00-00 00:00:00'),
(25, '9789834714178-4', '9789834714178', 'Novel : Pantai Kasih ', 1, 'Azmah Nordin', 'Pekan Ilmu Publications', 2016, '2018-01-01 00:00:00', 8, 1, 0, 0, '0000-00-00 00:00:00'),
(26, '9786020822020-1', '9786020822020', 'Falsafah Hidup - Prof. Dr. Hamka', 2, 'Prof. Dr. Hamka', 'Gema Insani Press ', 2010, '2018-01-01 00:00:00', 20, 2, 0, 1, '2018-01-01 12:22:25'),
(27, '9786020822020-2', '9786020822020', 'Falsafah Hidup - Prof. Dr. Hamka', 2, 'Prof. Dr. Hamka', 'Gema Insani Press ', 2010, '2018-01-01 00:00:00', 20, 2, 0, 0, '0000-00-00 00:00:00'),
(28, '9789670892252-1', '9789670892252', 'Saya Ingin Tahu Tentang Sains : Haba', 4, 'Nur Ain Hafiza Mat Jusoh', 'ITBM Malaysia', 2017, '2018-01-01 00:00:00', 18, 4, 0, 0, '0000-00-00 00:00:00'),
(29, '9789670892252-2', '9789670892252', 'Saya Ingin Tahu Tentang Sains : Haba', 4, 'Nur Ain Hafiza Mat Jusoh', 'ITBM Malaysia', 2017, '2018-01-01 00:00:00', 18, 4, 0, 1, '2018-01-01 12:22:25'),
(30, '9789670892252-3', '9789670892252', 'Saya Ingin Tahu Tentang Sains : Haba', 4, 'Nur Ain Hafiza Mat Jusoh', 'ITBM Malaysia', 2017, '2018-01-01 00:00:00', 18, 4, 1, 0, '0000-00-00 00:00:00'),
(31, '9789675552625-1', '9789675552625', 'Silat - Warisan Bangsa Malaysia', 8, 'Mohamad Nizam Mohamed Shapie', 'JKKN Malaysia', 2016, '2018-01-01 00:00:00', 25, 8, 0, 0, '0000-00-00 00:00:00'),
(32, '9789675552625-2', '9789675552625', 'Silat - Warisan Bangsa Malaysia', 8, 'Mohamad Nizam Mohamed Shapie', 'JKKN Malaysia', 2016, '2018-01-01 00:00:00', 25, 8, 0, 0, '0000-00-00 00:00:00'),
(33, '9789675552625-3', '9789675552625', 'Silat - Warisan Bangsa Malaysia', 8, 'Mohamad Nizam Mohamed Shapie', 'JKKN Malaysia', 2016, '2018-01-01 00:00:00', 25, 8, 0, 1, '2018-05-01 15:35:58'),
(34, '9789834611187-1', '9789834611187', 'Teks: Permata Sastera Melayu', 9, 'Ali Hamzah Zainuddin', 'Dewan Bahasa dan Pustaka', 2008, '2018-01-01 00:00:00', 16, 9, 0, 1, '2018-02-25 14:45:42'),
(35, '9789834611187-2', '9789834611187', 'Teks: Permata Sastera Melayu', 9, 'Ali Hamzah Zainuddin', 'Dewan Bahasa dan Pustaka', 2008, '2018-01-01 00:00:00', 16, 9, 0, 0, '0000-00-00 00:00:00'),
(36, '9789831005354-1', '9789831005354', ' Sejarah : Masyarakat India di Malaysia', 10, 'Azharudin Mohamed Dali', 'Penerbit Universiti Malaya', 2016, '2018-08-01 00:00:00', 30, 10, 0, 0, '0000-00-00 00:00:00'),
(37, '9789831005354-2', '9789831005354', ' Sejarah : Masyarakat India di Malaysia', 10, 'Azharudin Mohamed Dali', 'Penerbit Universiti Malaya', 2016, '2018-08-01 00:00:00', 30, 10, 0, 0, '0000-00-00 00:00:00'),
(38, '9789831005354-3', '9789831005354', ' Sejarah : Masyarakat India di Malaysia', 10, 'Azharudin Mohamed Dali', 'Penerbit Universiti Malaya', 2016, '2018-08-01 00:00:00', 30, 10, 0, 0, '0000-00-00 00:00:00'),
(39, '9789831005354-4', '9789831005354', ' Sejarah : Masyarakat India di Malaysia', 10, 'Azharudin Mohamed Dali', 'Penerbit Universiti Malaya', 2016, '2018-08-01 00:00:00', 30, 10, 0, 0, '0000-00-00 00:00:00');

-- --------------------------------------------------------

--
-- Table structure for table `borrow`
--

CREATE TABLE `borrow` (
  `borrow_id` int(11) NOT NULL,
  `member_id` int(11) NOT NULL,
  `borrow_date` datetime DEFAULT NULL,
  `due_date` datetime DEFAULT NULL
) ENGINE=InnoDB DEFAULT CHARSET=latin1;

--
-- Dumping data for table `borrow`
--

INSERT INTO `borrow` (`borrow_id`, `member_id`, `borrow_date`, `due_date`) VALUES
(26, 42, '2018-01-01 12:46:13', '2018-01-22 12:46:13'),
(27, 43, '2018-01-01 12:48:50', '2018-01-15 12:48:50'),
(29, 43, '2018-01-01 14:32:54', '2018-01-15 14:32:54'),
(30, 44, '2018-02-01 14:40:52', '2018-02-15 14:40:52'),
(31, 43, '2018-02-20 14:50:36', '2018-03-06 14:50:36'),
(32, 45, '2018-03-01 14:56:13', '2018-03-15 14:56:13'),
(33, 49, '2018-03-01 15:16:07', '2018-03-15 15:16:07'),
(34, 52, '2018-04-03 15:21:21', '2018-04-17 15:21:21'),
(35, 51, '2018-04-03 15:24:33', '2018-04-17 15:24:33'),
(36, 45, '2018-04-03 15:25:12', '2018-04-17 15:25:12'),
(37, 43, '2018-05-01 15:33:11', '2018-05-15 15:33:11'),
(38, 47, '2018-05-01 15:36:35', '2018-05-15 15:36:35'),
(39, 52, '2018-06-01 20:36:06', '2018-06-15 20:36:06'),
(40, 51, '2018-06-01 20:36:57', '2018-06-15 20:36:57'),
(41, 50, '2018-07-01 20:44:40', '2018-07-22 20:44:40'),
(42, 45, '2018-07-01 20:46:41', '2018-07-15 20:46:41'),
(43, 43, '2018-07-01 20:47:35', '2018-07-15 20:47:35'),
(44, 43, '2018-08-01 20:57:45', '2018-08-15 20:57:45'),
(45, 43, '2018-08-08 21:00:14', '2018-08-22 21:00:14'),
(46, 43, '2018-08-10 21:01:25', '2018-08-24 21:01:25'),
(47, 43, '2018-09-01 21:12:46', '2018-09-15 21:12:46'),
(48, 52, '2018-10-01 21:27:22', '2018-10-15 21:27:22'),
(49, 52, '2018-10-05 21:28:47', '2018-10-19 21:28:47'),
(50, 52, '2018-10-10 21:29:57', '2018-10-24 21:29:57'),
(51, 43, '2018-11-03 21:36:32', '2018-11-17 21:36:32'),
(52, 43, '2018-11-06 21:37:25', '2018-11-20 21:37:25'),
(53, 43, '2018-11-10 23:10:27', '2018-11-24 23:10:27'),
(54, 50, '2018-11-11 03:03:27', '2018-12-02 03:03:27'),
(55, 52, '2018-12-11 03:24:01', '2018-12-25 03:24:01'),
(58, 52, '2018-12-01 02:15:46', '2018-12-15 02:15:46'),
(59, 45, '2018-12-01 03:25:33', '2018-12-15 03:25:33'),
(60, 45, '2018-12-01 03:27:47', '2018-12-15 03:27:47');

-- --------------------------------------------------------

--
-- Table structure for table `category`
--

CREATE TABLE `category` (
  `category_id` int(11) NOT NULL,
  `category_code` varchar(255) NOT NULL,
  `category_name` varchar(255) NOT NULL,
  `admin_id` int(11) NOT NULL
) ENGINE=InnoDB DEFAULT CHARSET=latin1;

--
-- Dumping data for table `category`
--

INSERT INTO `category` (`category_id`, `category_code`, `category_name`, `admin_id`) VALUES
(1, '000', 'Karya Am (General Works)', 1),
(2, '100', 'Falsafah (Philosophy)', 1),
(3, '200', 'Agama (Religion)', 1),
(4, '300', 'Sains Kemasyarakatan (Social Science)', 1),
(5, '400', 'Bahasa (Language)', 1),
(6, '500', 'Sains Tulen (Pure Sciences)', 1),
(7, '600', 'Teknologi (Technology)', 1),
(8, '700', 'Kesenian (Fine Arts)', 1),
(9, '800', 'Kesusasteraan (Literature)', 1),
(10, '900', 'Geografi Dan Sejarah (General Geography And History)', 1);

-- --------------------------------------------------------

--
-- Table structure for table `done`
--

CREATE TABLE `done` (
  `done_id` int(11) NOT NULL,
  `member_id` int(11) NOT NULL,
  `done_date` datetime NOT NULL
) ENGINE=InnoDB DEFAULT CHARSET=latin1;

--
-- Dumping data for table `done`
--

INSERT INTO `done` (`done_id`, `member_id`, `done_date`) VALUES
(12, 42, '2018-01-15 14:12:48'),
(13, 43, '2018-01-10 14:13:44'),
(16, 43, '2018-01-01 14:33:50'),
(17, 43, '2018-01-20 14:34:20'),
(18, 44, '2018-02-10 14:42:11'),
(19, 44, '2018-02-25 14:44:33'),
(20, 43, '2018-02-23 14:51:05'),
(21, 45, '2018-03-01 14:56:31'),
(22, 49, '2018-03-19 15:27:32'),
(23, 51, '2018-04-19 15:28:49'),
(24, 45, '2018-04-19 15:29:11'),
(25, 52, '2018-04-19 15:29:28'),
(26, 43, '2018-05-01 15:33:38'),
(27, 47, '2018-05-30 15:37:51'),
(28, 51, '2018-06-10 20:38:28'),
(29, 52, '2018-06-10 20:39:10'),
(30, 52, '2018-06-30 20:40:33'),
(31, 51, '2018-06-30 20:41:25'),
(32, 50, '2018-07-13 20:48:49'),
(33, 45, '2018-07-13 20:49:26'),
(34, 43, '2018-07-13 20:50:01'),
(35, 45, '2018-07-25 20:51:27'),
(36, 50, '2018-07-26 20:54:52'),
(37, 43, '2018-08-24 21:04:48'),
(38, 43, '2018-08-24 21:05:54'),
(39, 43, '2018-09-30 21:13:54'),
(40, 52, '2018-10-30 21:31:35'),
(41, 52, '2018-10-28 21:33:46'),
(42, 43, '2018-11-30 21:38:22'),
(46, 52, '2018-12-01 03:16:37'),
(47, 45, '2018-12-01 03:30:43');

-- --------------------------------------------------------

--
-- Table structure for table `gender`
--

CREATE TABLE `gender` (
  `gender_id` int(11) NOT NULL,
  `gender_name` varchar(255) NOT NULL
) ENGINE=InnoDB DEFAULT CHARSET=latin1;

--
-- Dumping data for table `gender`
--

INSERT INTO `gender` (`gender_id`, `gender_name`) VALUES
(1, 'Female'),
(2, 'Male');

-- --------------------------------------------------------

--
-- Table structure for table `librarian`
--

CREATE TABLE `librarian` (
  `librarian_id` int(11) NOT NULL,
  `librarian_fullname` varchar(255) NOT NULL,
  `librarian_email` varchar(255) NOT NULL,
  `librarian_username` varchar(255) NOT NULL,
  `librarian_password` varchar(255) NOT NULL,
  `librarian_contact` varchar(255) NOT NULL,
  `librarian_address` varchar(255) NOT NULL,
  `librarian_register` datetime NOT NULL,
  `librarian_status` int(11) NOT NULL,
  `librarian_favQues` varchar(255) DEFAULT NULL,
  `librarian_favAnsw` varchar(255) DEFAULT NULL,
  `admin_id` int(11) NOT NULL
) ENGINE=InnoDB DEFAULT CHARSET=latin1;

--
-- Dumping data for table `librarian`
--

INSERT INTO `librarian` (`librarian_id`, `librarian_fullname`, `librarian_email`, `librarian_username`, `librarian_password`, `librarian_contact`, `librarian_address`, `librarian_register`, `librarian_status`, `librarian_favQues`, `librarian_favAnsw`, `admin_id`) VALUES
(8, 'Ahmad Kasim', 'ahmadkasim30@gmail.com', 'Librarian1', '670b14728ad9902aecba32e22fa4f6bd', '0103004000', 'SARAWAK', '2018-01-01 12:33:51', 1, 'What is your Favourite Colour?', 'Black', 1),
(10, 'Nurul Haliza', 'nurulhaliza50@gmail.com', 'Librarian2', '670b14728ad9902aecba32e22fa4f6bd', '0106008000', 'KUALA LUMPUR', '2018-09-30 21:25:15', 0, 'What is your Favourite Colour?', 'Blue', 1);

-- --------------------------------------------------------

--
-- Table structure for table `member`
--

CREATE TABLE `member` (
  `member_id` int(11) NOT NULL,
  `member_ic` varchar(255) NOT NULL,
  `member_fullname` varchar(255) NOT NULL,
  `gender_id` int(11) NOT NULL,
  `member_email` varchar(255) NOT NULL,
  `member_password` varchar(255) NOT NULL,
  `member_contact` varchar(255) NOT NULL,
  `member_address` varchar(255) NOT NULL,
  `member_limit` int(11) NOT NULL,
  `member_register` datetime NOT NULL,
  `member_status` int(11) NOT NULL,
  `member_finger` text,
  `type_id` int(11) NOT NULL,
  `member_favQues` varchar(255) DEFAULT NULL,
  `member_favAnsw` varchar(255) DEFAULT NULL
) ENGINE=InnoDB DEFAULT CHARSET=latin1;

--
-- Dumping data for table `member`
--

INSERT INTO `member` (`member_id`, `member_ic`, `member_fullname`, `gender_id`, `member_email`, `member_password`, `member_contact`, `member_address`, `member_limit`, `member_register`, `member_status`, `member_finger`, `type_id`, `member_favQues`, `member_favAnsw`) VALUES
(42, '808080202020', 'Ahmad Nawal', 2, 'ahmadnawal35@gmail.com', 'e10adc3949ba59abbe56e057f20f883e', '0194294148', 'KELANTAN', 3, '2018-01-01 00:00:00', 0, 'TI1TUjIyAAAFztEFBQUHCc7QAAAlz24AAAAAhWU5gc78ATsPoAAzADTBVQHtADoMVACxzpIOUQANAWoGPs7zAUMOggD3AVfARAGuAHsPEwDqzqMMLAANAewPxs4vADMOxwBcABzBWQFKAYUMWABUz1MK7gADAdgIt85XAL8LGABDAP/D7gFUARcBlgA/zowOaADyAIYMfc67ARoPeQDcAVfFSAHvAEIMewD9zisOTwAdATQJNM7jAVkPzQA8ACPBpwE3AUAPtABAz3QMnQCFANYP0M4eAKEOGwDXATTBQgFDAZIOigB5zgsO8QAiAeEGCs5HAB4OlACCAJzBogE4AJ4PsAADz0kKqgDVAOEPZs4RAG8GlADbAUXBRQHIAG4PvwCczo4OtAAgAfIPSs4kAJoJywDeASTAZQFAAe4MjAA+z5UMrQCHAFQPa853AYoPQwBBAITBxAFHAT0PeQB3zpsOIQBnAL0NfM5EAZIPtADnAKXDsPU9D9b4APtXxh8MwPtR+QT6YLWTBBZyGcAcQRDYNAHp7TUKSN7kzQwWSQ/G/wpxObFQev6Ezfnr6F+z7PwdFTGWx4gbTPoJ4Zid8Uz2PFj8FtICovjHfPc3TG+lhnaAl4SDtYLz9t8v9c7nBzAiBjeHyQmg/kvGXIoqjPOhIA24KGACOAu1ABDrXMpIitr40FqQRHxIUBg9GwLs/YfYMp8EGQuN8/MMmEboJ4XydYSfed9IcYJFcuV/gAk3PSLYyAP9Dnv45EZzgQuV4YffCOPIYowv7V+PDP1oxcb5RQW9A5MPIMJw+KXZqvVP/gdcmMD9KSEeZPPMPWsB1fduFIsuM7oX/KYFaQWEGqQ1qasxCqnutYO0P9jvoXj1aNxfTckMELn+dYAM+w+2c4Eq/WoLLHg7xX+KqYIBDh/9RMVTiB6CVoDj+x6/8Pp6BuL3+Ac6xk4S+32/PnI9y88AAgFRXTnRAQXOvadAKda/t6GGQa3qIFEBAhUjNMMBegQXN1sFwMQO/gwAcgkWOv/EMGPBaREATc8QRjHBVFLAwcI+AwVsCh3/BACXySDEDgcBZw0XwIEHBXoTHTdzCACMExWCVQIA2hMTOwgFjhYSWEwHAOseDDE2/gcAKijD//swdwQAuykirgUF0DX8/kIUANA/+I/AP09w/msFBgWxSRJGwRQA1Er/Mf9h//9TwJDAx4AIAZtLGkRB/wvODlX9wD7+BUr6gQ0BDl0AVzpGXsgBJmf9L//MAGm2h/5vwsH/ywBxtxFBW8FRTdQAVbQHQERKWFXDAE21h43BEQBQugxR8EvBSmoEAISCg1sEAUmFDMHzBAWPhoF1CgCfTBpPD03+BQDJmNNUD84Amu0rwf73CgVOnBL+SsDAhgYFBp8hwV4MAMSm6Pb/wf5G/wbFRKlOkcMMAAGuNUc0Dy4FAEyvBvgHBYqwe4DAwwfFl7LQwcFKEAB6fBY5MUbBav//xMoAfHMdwf8+RMGSwArOAb/iLsD9kf9OMBEBQ8ZxwQeExkH8ocIFEFed8cQLwA4AS8cDO/4viMEx/REAQwlthV/AxcDCwsQBfAzOr9QgWTjDzwCsFiZy/kn/CMU32yn8/Pz+KAvFL+SswomXqRAAxeXWMPz+/sD+MzhBxccBM+Zaw8ABxMRrCgFk7JDGBsrHCMjEtAUAVyoi8j3zAgBI8kYDBQX38k3EpAYAqfM1N/78+wQA2zEgX9oBAfXT/zH2/vgxMv7+wUMExaT94/7+CACe+fRUQ8oBv/ktcwbFzvvqwf4zBACCOjo8xgGJ/zT/MuwQFeUJyP78/v0+/fkw/P/B/R0K1XUNh////Pv9/dsEFeEOLK0FEBvTNMZWBBF3GUb85AgVAB8mwP7Cw0UFFVogPDMFELLmNDXLEbkjLSgF1QAg+W4FEMMzMIMEFUo1RyEDEKT8Q8TNEag5Ov4D1QA49MUBREIBAcUABdgBAQAAAhjFAAXOAQFFQgAAAAAAAAAAAAAAAAAAAAAAAAAAAAAAAAAAAAAAAAAAAAAAAAAAAAAAAAAAAAAAAAAAAAAAAAAAAAAAAAAAAAAAAAAAAAAAAAAAAAAAAAAAAAAAAAAAAAAAAAAAAAAAAAAAAAAAAAAAAAAAAAAAAAAAAAAAAAAAAAAAAAAAAAAAAAAAAAAAAAAAAAAAAAAAAAAAAAAAAAAAAAAAAAAAAAAAAAAAAAAAAAAAAAAAAAAAAAAAAAAAAAAAAAAAAAAAAAAAAAAAAAAAAAAAAAAAAAAAAAAAAAAAAAAAAAAAAAAAAAAAAAAAAAAAAAAAAAAAAAAAAAAAAAAAAAAAAAAAAAAAAAAAAAAAAAAAAAAAAAAAAAAAAAAAAAAAAAAAAAAAAAAAAAAAAAAAAAAAAAAAAAAAAAAAAAAAAAAAAAAAAAAAAAAAAAAAAAAAAAAAAAAAAAAAAAAAAAAAAAAAAAAAAAAAAAAAAAAAAAAAAAAAAAAAAAAAAAAAAAAAAAAAAAAAAAAAAAAAAAAAAAAAAAAAAAAAAAAAAAAAAAAAAAAAAAAAAAAAAAAAAAAAAAAAAAAAAAAAAAAAAAAAAAAAAAAAAAAAAAAAAAAAAAAAAAAAAAAAAAAAAAAAAAAAAAAAAAAAAAAAAAAAAAAAAAAAAAAAAAAAAAAAAAAAAAAAAAAAAAAAAAAAAAAAAAAAAAAAAAAAAAAAAAAAAAAAAAAAAAAAAAAAAAAAAAAAAAAAAAAAAAAAAAA=', 2, 'What is your Pet Name?', 'Hassan'),
(43, '909090202020', 'Nabil Zakaria', 2, 'syafiqazizan85@gmail.com', 'e10adc3949ba59abbe56e057f20f883e', '01135150835', 'PENANG', 2, '2018-01-01 00:00:00', 0, 'TEdTUjIyAAAFBAYFBQUHCc7QAAAlBW4AAAAAhBMnlAS5AR0PhgBZAAQKngGWAIYOAACrBCMOVADgACgPcwQDAEcMQwAaAOELtgFsAIYPnwARBVgP8wDEAOIPFQTGAd0OxwCIAAgLZwEtAG8PvQDLBBIMpQCnAEMOlASOAQ0OlgA+ADwLvAHsAC8PTABxBAAO2ADiAOkPeAReAfcPlQDlAUYLrQEjATkPZwA/BUkO4gBTAEkOyQQYAQoPlABgAAgJnAHgADIPmwDjBP8MoQCBALoPQAStAecPcgCxAHULswEMATMPggAGBVwPYQAfAZMPqgROAX0PIwCwAOwKrQFMAUICygBWBWEMKRFJm9McnPBc9XV/jXjoAVB96532n+cVbfMQDOOQMhCi8FPxpPyo6tqJsgibCMt9UQbF/hIUf/7qAcL6t/qT+3bz9JZ8gsqJQ3qKA0Z3U/nSFd4qRHioBVxqiYjRDJCRFA/D9V4IRQdn/ef5AJMpDpWHAP8zAgYP3Yq1+m55QAps/iYRzfrUCpz2ZAgJEuUHuINmDXoQu/3Pj26DCAh4iU2JmfubBecmGRINH2btgPlgcZSC3wXP/sIPFHbkey5mmf4j/BsBQAfieQJhEf8DFc/7AXI6+M7xxgOaeuMP6f3HCuoFCg77BwcLR1Ye53MAAyxdTtoFBAQB6qs7D+ZTMvpahf6nIEcBx+EsZwYByAQAQOgHBZQNdsHAXhDF+hCCTFhcZG4Gxc4SAlX/CADGGbj/x1jABgDOHQ8EQfgBAWUscWQGxWY0aWX+FgEOTGeJxYJ1f8BzwGzVAKlLgYprdGJe1QDlS5LCZoPAdAVZAQTpVxdUFwHKWqVzcIFycMBitA0FhFz1/zT/wJA+CASBY/o9/UwENgkEeWJ0wXHAp28QBRFkmsBriLlpXMRLEAC1aYxWZ2xYcwQAtW6GRQoFuW4SSjjA/MkAdHd1wMFwwcCuDgWIdfv+/jcyOsEhCAAKxaLAagRxhA4BcHdtZ8C0wAYEHnlpwgsAQXhxxMNrdMAYAc97pXvD/3mLcMAE/29ZEQGff4OIBX5x+8BICwCng9ZK+lFCEQCfhH1Ed8f7wXLAwA4AUY8ML8MpREcQAFmWg8BwwGdkWxDFh575Iv5AwMBTjhEFoKSNicTAaaHB+mgOAUmr50b7/PtGNwcArKwa8MAPBMmxIERVO8AAlr4R/TIEAPYAIDIBAfPHKcDABQwFf80C+vv/wAX/+l4GAVff6f85/P/4FAFF4OD/hP7/+vz/wMDA/wT+x8bAwQ0AnuP1S3OCkwYA3OMpBVHEDAHW5C3AUrUNBWTk+/74/fyD//s8CAHB7ilDOsPE+wgBvO8wYAfCZA4BcvEtIzWOCgVp8jX7Pv7BBf8OBGn3cMXBVTvARgcBlP06wAXFmvgzRQ8AS//gOvv48/z8//7A/jr/DRRCBV5Y//4FFBW2BLV8wMTHTcL6xMNZPggQSMNX+k9HCRB1BkDtwEcNEbINN8HBOpbEDBG5DTD/wjqJDxRbFFfA/0SHHRUEF+PBVlhAOv/4+vwvwv3B/zrAx2EHEWAgU/+WHRUEIOFmVcH+Bf76Kvz8/cH/wAX+xcXBbgUQlSOG/ywBEZsjQDAE1awjM20WEAA1569dQfr6+vr/K/86LA4UA2Tiwf7/RsBPDRFpBVD//5b/xQRFQwEBAADFFgUEAQECGAAAxQAFBERDAAAAAAAAAAAAAAAAAAAAAAAAAAAAAAAAAAAAAAAAAAAAAAAAAAAAAAAAAAAAAAAAAAAAAAAAAAAAAAAAAAAAAAAAAAAAAAAAAAAAAAAAAAAAAAAAAAAAAAAAAAAAAAAAAAAAAAAAAAAAAAAAAAAAAAAAAAAAAAAAAAAAAAAAAAAAAAAAAAAAAAAAAAAAAAAAAAAAAAAAAAAAAAAAAAAAAAAAAAAAAAAAAAAAAAAAAAAAAAAAAAAAAAAAAAAAAAAAAAAAAAAAAAAAAAAAAAAAAAAAAAAAAAAAAAAAAAAAAAAAAAAAAAAAAAAAAAAAAAAAAAAAAAAAAAAAAAAAAAAAAAAAAAAAAAAAAAAAAAAAAAAAAAAAAAAAAAAAAAAAAAAAAAAAAAAAAAAAAAAAAAAAAAAAAAAAAAAAAAAAAAAAAAAAAAAAAAAAAAAAAAAAAAAAAAAAAAAAAAAAAAAAAAAAAAAAAAAAAAAAAAAAAAAAAAAAAAAAAAAAAAAAAAAAAAAAAAAAAAAAAAAAAAAAAAAAAAAAAAAAAAAAAAAAAAAAAAAAAAAAAAAAAAAAAAAAAAAAAAAAAAAAAAAAAAAAAAAAAAAAAAAAAAAAAAAAAAAAAAAAAAAAAAAAAAAAAAAAAAAAAAAAAAAAAAAAAAAAAAAAAAAAAAAAAAAAAAAAAAAAAAAAAAAAAAAAAAAAAAAAAAAAAAAAAAAAAAAAAAAAAAAAAAAAAAAAAAAAAAAAAAAAAAAAAAAAAAAAAAAAAAAAAAAAAAAAAAAAAAAAAAAAAAAAAAAAAAAAAAAAAAAAAAAAAAAAAAAAAAAAAAAAAAAAAAAAAAAAAAAAAAAAAAAAAAAAAAAAAAAAAAAAAAAAAAAAAAAAAAAAAAAAAAAAAAAAAAAAAAAAAAAAAAAAAAAAAAAAAAAAAAAAAAAAAAAAAAAAAAAAAAAAAAAAAAAAAAAAAAAAAAAAAAAAAAAAAAAAAAAAAAAAAAAAAAAAAAAAAAAAAAAAAAAAAAAAAAAAAAA=', 1, 'What is your Pet Name?', 'Abu'),
(44, '909090203030', 'Lee Eng Beng', 2, 'egbeng90@gmail.com', '670b14728ad9902aecba32e22fa4f6bd', '0125996000', 'MELAKA', 3, '2018-02-01 00:00:00', 0, 'TX9TUjIyAAAEPEEFBQUHCc7QAAAkPW4AAAAAhMsmaDzpAWsNigAqAIY3mAH2ACgMgwDMPG4OswD4AOwMqTy3ARsPHQAEAGAzFAEJAVgIjQBMPTgPaAB/AEEPKzyJAXMPhwC0ABAzRQFWAIAPmAD7PFkKcQAKAY8HlzzNAY0PRADZAU4zMgHIAPMP+ACuPHAOHwAZAZQLCzzdAWALzgDfASM4fQFfAZAJbgBVPVYP0gA5AfQGfzxMAZAPVwAbAGIzhQERAUEHmAAYPUINpAARAfMOnTwzAFsEpgDrAUM4wAEdATUP+QBEPT0PkABOARABITxGAEUJRQC/AAAzxQFtAJIObAZpKyPpEVyKGINB7ZRcAon3kX38C8I83AKt94r2D5Gny76aKXJyBMP2VTXn+jsR4fwP9QLP73CCgc/1MHM6Od733pEihq6HRkFSDyf+PRLE720rRAjN9pkLH3U6MS9mOQqCEX/5ibkYk16ERgSbgMY92Pg2CWsMM/wKUl8K0PeW+Cfz0YPmOcs2rYcjEdLBCw36/Nrv435HMWoTLf7B+5MRycVDDR4Zvfrk+/nTiPL9EyEP3BR1t/ckrez5E+MURC/fAbbwXQR8+grJEEaxg3l/9Ao6Mfb15ZOCgfuFa78+eoMH+/a6/zk9BQlBWzkexwAEo8ZBGP/Ta6WaTbD+IT4BAiXeoAA8XxkMxvkFxZAiK2QIAG4eFwXB+/zBawwAUiDM/WFYwcH+DAA/4wk8bsH+WwcAKusJXAQLAQU9+sDuU8QuAQBJ+j1EgP5vWQcBgFATwAVTAjxFUoZwwg3FTFw1RVpTVgYAgVl+csAVAAJw9IAzSMJhw1b9CABNchdZZwIASHgAOgYEfHp8wYYDAI1+Df4VAQN/7f+FwPoC/8HAwMBiOwwEU4EO/8D9fjrAxMEEAS6GepLKADK1+zf/M8HBhv8BPC+NcHkOAMmm7wT+/8D/Nf8FBgQHpnbCaRAAhqn+BDBGwGXABsU9qVFIwAYAsLbfU8QqAQC35zg28ED7acHAVQcArn8eX0gCARvFYsDWADf67P4x//7+kcBOw8HABgBKxjIzxDsBR8ttgGXAACrxZn4VABTXJcD6B//B/v4+QoHBDDxU3m3CwW8FBBQwOkiICQBqI3SX/nUKAGzsbUV3gzgBiPKAmxDFrvCcgcOMwcRiuwkEp/kf/TtbA8W2/h7/CACx/CkFwPr9+sL9CBBexlaE/ZUFEGZoDFwEFEMFERYEEG3OU5s/EXkLRsID1XEUdcMHEKcTMDr+TioRBBTa/2X9/fn8/zrA/0TBwBBkIEiWBRBBH5VvASxJHkzBdgXVwSQIRA4QmyzGBsPA+cXEncOPBNWjNH8dBRCpMD04/QctAklAwgMQOUlE/hgRGEPJPzpA+8L8IsD9QP0FwfvDRUMBAQAAxRYEPAEBAhgAAMUABDxEQwAAAAAAAAAAAAAAAAAAAAAAAAAAAAAAAAAAAAAAAAAAAAAAAAAAAAAAAAAAAAAAAAAAAAAAAAAAAAAAAAAAAAAAAAAAAAAAAAAAAAAAAAAAAAAAAAAAAAAAAAAAAAAAAAAAAAAAAAAAAAAAAAAAAAAAAAAAAAAAAAAAAAAAAAAAAAAAAAAAAAAAAAAAAAAAAAAAAAAAAAAAAAAAAAAAAAAAAAAAAAAAAAAAAAAAAAAAAAAAAAAAAAAAAAAAAAAAAAAAAAAAAAAAAAAAAAAAAAAAAAAAAAAAAAAAAAAAAAAAAAAAAAAAAAAAAAAAAAAAAAAAAAAAAAAAAAAAAAAAAAAAAAAAAAAAAAAAAAAAAAAAAAAAAAAAAAAAAAAAAAAAAAAAAAAAAAAAAAAAAAAAAAAAAAAAAAAAAAAAAAAAAAAAAAAAAAAAAAAAAAAAAAAAAAAAAAAAAAAAAAAAAAAAAAAAAAAAAAAAAAAAAAAAAAAAAAAAAAAAAAAAAAAAAAAAAAAAAAAAAAAAAAAAAAAAAAAAAAAAAAAAAAAAAAAAAAAAAAAAAAAAAAAAAAAAAAAAAAAAAAAAAAAAAAAAAAAAAAAAAAAAAAAAAAAAAAAAAAAAAAAAAAAAAAAAAAAAAAAAAAAAAAAAAAAAAAAAAAAAAAAAAAAAAAAAAAAAAAAAAAAAAAAAAAAAAAAAAAAAAAAAAAAAAAAAAAAAAAAAAAAAAAAAAAAAAAAAAAAAAAAAAAAAAAAAAAAAAAAAAAAAAAAAAAAAAAAAAAAAAAAAAAAAAAAAAAAAAAAAAAAAAAAAAAAAAAAAAAAAAAAAAAAAAAAAAAAAAAAAAAAAAAAAAAAAAAAAAAAAAAAAAAAAAAAAAAAAAAAAAAAAAAAAAAAAAAAAAAAAAAAAAAAAAAAAAAAAAAAAAAAAAAAAAAAAAAAAAAAAAAAAAAAAAAAAAAAAAAAAAAAAAAAAAAAAAAAAAAAAAAAAAAAAAAAAAAAAAAAAAAAAAAAAAAAAAAAAAAAAAAAAAAAAAAAAAAAAAAAAAAAAAAAAAAAAAAAAAAAAAAAAAAAAAAAAAAAAAAAAAAAAAAAAAAAAAAAAAAAAAAAAAAAAAAAAAAAAAAAAAAAAAAAAAAAAAAAAAAAAAAAAAAAAAAAAAAAAAAAAAAAAAAAAAAAAAAAAAAAAAAAAAAAAAAAAAAAAAAAAAAAAAAAAAAAAAAAAAAAAAAAAAAAAAAAAAAAAAAAAAAAAAAAAAAAAAAAAAAAAAAAAAAAAAAAAAAAAAAAAAAAAAAA=', 1, NULL, NULL),
(45, '909090204040', 'Syamsul Amri', 2, 'syafiqazizan85@gmail.com', '670b14728ad9902aecba32e22fa4f6bd', '01135150845', 'SELANGOR', 3, '2018-03-01 00:00:00', 0, 'TWdTUjIyAAAEJCgFBQUHCc7QAAAkJW4AAAAAgzMgeyTqAV8PZgA7AEsrtQH7AG0IjgDJJGYOSAAIAZUPriSxAYQPiQBeAHsrywEkAR8PsAB5JAAO3ACFAMMJCyRTAfELlQAQAHcrhgHAAHYPfADsJIYOaQAeAQkPbiQpAEMPRwDTAVQoswEsASYPFAC0JAwOOwBLAZ0NHiREANYOTwDvAH8rmAH1AGAOagD0JHQPWwC6ADMPqSQSABkJWwDmAU4rzQHcAI0PpgA+JUEOsABFAecOFyScAWUM7QCQAZgoMAIC7IoQ3/CiJG+FwPvd6aRW8VZGG18bdQDjAF4sbxP+epYGb4FCLRv/1fr6CXv/rqHSDrePxvsah/evzo57e6PzcP5qMEsVNQbO+T/2WDNEHOX+8IvshPmr+XrN+I0FMABNLjuEnQZNCtAO8q67gj4LsoXfGwM1s4CLi5uPto8zWzL+Ge4p93QDPC/x8oUW6ZJXg3deNK+h9n797IBBLMz/XQpeGZciFdn0+wl3If7/BxstOgLbdy9zSn93W356SAsgv8QDCWpaPQkCAAArrTk0rPqbZP86TdUkHQADViMXBMU6EllyBgBCGQkHV8YjAU4tg4uNywCpCYdjWf//w6kQBJw4jcJJZ8E6cZYrAcpFhljBBW9m28IQAMpNgzrBXuTAemrBxRHFzVKiV11xW44Sxc9aomr+wmbBYgSDFiTYaYbAc8AE/8WvZnISAOFzTHRWRobDVQgAeL4AUHISAeJ9hv8EXGLkwMPAXVYLxXB6Xnlsw1sKAL2BB+RVWv8NAIdcg49af3IJAI+czFPFdwwBh559eLPDVuYUAfKij8GhYm1ahIIVAPWrScH7T2N0cH5dBsWotKJ5wwQA07LMQA4kVr1wwv/BB8F8KgFevPH+/gcyM9paEQCHwHcEwIOs/l03DwBQD/A520FVUwoASAlpxKxawRgBBtBSePtfdH10cMJbzwBP9WVvdmYPAFHXc+f+wv/DwsKS/jIyAcvYkG/CRsF85cHF/v/Aw+gSBO3fjXHAxH5Af1cjAdDeE8A4OBcVIxCjwXzBwTrBpq/FwcQy/gnFt+Otw8OfdwoAu+xg55D/ZgoAljZpmeaVwgkAmfehk8CkHQAH96LCBcP7VoPBwv/D/0V0VhwLAbP7d8QAjownEWQBU8MI1UgMd1v/TgcQtMoT+uX/VgcQrROJxZLlCRGuFzDEOmnFIxG0FyLAwKIHFGEbUUtMERHLI5rka3jAwMWbqgUUfCdNTwUQXeNJZCIRzSYgwME6wQA0aS1DdQQQqyxEVwQRtDAnwUcTFSozpYXBwMJLxcfmj4ISERBFaMPF5HLCwMfDxgfDiCsR+jiewGsGxMHswsPD/8MAgUIFJQEBABYAAMUABjwBAQAAAACAQgAAAAAAAAAAAAAAAAAAAAAAAAAAAAAAAAAAAAAAAAAAAAAAAAAAAAAAAAAAAAAAAAAAAAAAAAAAAAAAAAAAAAAAAAAAAAAAAAAAAAAAAAAAAAAAAAAAAAAAAAAAAAAAAAAAAAAAAAAAAAAAAAAAAAAAAAAAAAAAAAAAAAAAAAAAAAAAAAAAAAAAAAAAAAAAAAAAAAAAAAAAAAAAAAAAAAAAAAAAAAAAAAAAAAAAAAAAAAAAAAAAAAAAAAAAAAAAAAAAAAAAAAAAAAAAAAAAAAAAAAAAAAAAAAAAAAAAAAAAAAAAAAAAAAAAAAAAAAAAAAAAAAAAAAAAAAAAAAAAAAAAAAAAAAAAAAAAAAAAAAAAAAAAAAAAAAAAAAAAAAAAAAAAAAAAAAAAAAAAAAAAAAAAAAAAAAAAAAAAAAAAAAAAAAAAAAAAAAAAAAAAAAAAAAAAAAAAAAAAAAAAAAAAAAAAAAAAAAAAAAAAAAAAAAAAAAAAAAAAAAAAAAAAAAAAAAAAAAAAAAAAAAAAAAAAAAAAAAAAAAAAAAAAAAAAAAAAAAAAAAAAAAAAAAAAAAAAAAAAAAAAAAAAAAAAAAAAAAAAAAAAAAAAAAAAAAAAAAAAAAAAAAAAAAAAAAAAAAAAAAAAAAAAAAAAAAAAAAAAAAAAAAAAAAAAAAAAAAAAAAAAAAAAAAAAAAAAAAAAAAAAAAAAAAAAAAAAAAAAAAAAAAAAAAAAAAAAAAAAAAAAAAAAAAAAAAAAAAAAAAAAAAAAAAAAAAAAAAAAAAAAAAAAAAAAAAAAAAAAAAAAAAAAAAAAAAAAAAAAAAAAAAAAAAAAAAAAAAAAAAAAAAAAAAAAAAAAAAAAAAAAAAAAAAAAAAAAAAAAAAAAAAAAAAAAAAAAAAAAAAAAAAAAAAAAAAAAAAAAAAAAAAAAAAAAAAAAAAAAAAAAAAAAAAAAAAAAAAAAAAAAAAAAAAAAAAAAAAAAAAAAAAAAAAAAAAAAAAAAAAAAAAAAAAAAAAAAAAAAAAAAAAAAAAAAAAAAAAAAAAAAAAAAAAAAAAAAAAAAAAAAAAAAAAAAAAAAAAAAAAAAAAAAAAAAAAAAAAAAAAAAAAAAAAAAAAAAAAAAAAAAAAAAAAAAAAAAAAAAAAAAAAAAAAAAAAAAAAAAAAAAAAAAAAAAAAAAAAAAAAAAAAAAAAAAAAAAAAAAAAAAAAAAAAAAAAAAAAAAAAAAAAAAAAAAAAAAAAAAAAAAAAAAAAAAAAAAAAAAAAAAAAAAAAAAAAAAAAAAAAAAAAAAAAAAAAAAAAAAAAAAAAAAAAAAAAAAAAA=', 1, NULL, NULL),
(46, '909090209090', 'Eunice Chan', 1, 'eunice123456@gmail.com', '670b14728ad9902aecba32e22fa4f6bd', '0124005000', 'KELANTAN', 3, '2018-03-01 00:00:00', 0, 'TB1TUjIyAAAFXl8FBQUHCc7QAAAlX24AAAAAhfUvhV7NATIOcgBlAI1TcQGNAHYNRAD9XkQOogD1AP4PLl7sAU8PvAA/ADJR0wGyACsO2gByXmIOYgA2AZYMIV4jAOQHYAD+AAdTEQEqAdMHygBAX9gJIwBbAYgHHF5cANkHeQBpABhTXAHjAEwJnAD0Xs0LPgDgABAPIF6uAVcPSACyAPRRQAFsAGAPDQCCXpwGtgBrANkPP14xAF4IwQDmATtRbAE5AIENvgAoXo8PdQAZAE4N4F5BAL4P8AD4AThXaAHnAEkJjQCuXusOogCuAOoPtF64AS0PcQC3ABRRigFwABkPRABaXogONwAbAaMIIF4VANMJ5QAAAK1d3AEKATMB4gAyX9sLoQApAFYOZV4WAQoLMgDaAHFQBxWu6brr4GywS2+iRfHNZ4dY0KE7DcZ6TQcH+O5XGH96fjeEFP9bW4f7dYfOAcuTF1sfd1sOtvYC7aolYBGNgdkNvYNrKkP4nfLF+zT/3F1oCpEDrHcTdP8roY5ZA3YCyJQf9p/tQAeBgH94hN6chE74FYp3iMNWJ2xXhuf2/ZMXzI/jSHOW/eJQi94bdkdyjoAnB+rIlITd+bl/4w77VF6BeIPl9Q/4UFOoBGKMKf28gUdSuYJfgH+OfYPeXPYPxP+hfZQHF8uPZpvMbQUTFrOh7ABOBcf9iIpopbCeEZHlCwOmJC9Ue6YLqZVIhVBX8PG9bQ4AvH9mIzZy4v2y9kb6nCNg+D0Laga6CGZIeICSfboJwmwiKB72APlg8fVKBF0qQ04zDALFANeVNhfWs3uivY/v5SFKAQLaJIoFBSsFAvxgCACIBQWh/f/CYAgAvgwVocH8wlcDAJYOCZ8FAUsRfV/OAGFGDkhAwf79xgA0RXzCBgA5Hjg7+lsBMyN0wsAACwUnLo3BwMTATpENXoAxDD5PCcVbPyPDhsBwDACmPgwRS1bACAB/mIyUn4oVAAFe4vhPLwlawTAFAH2mhodXAYRkEDjBBToVXrFplmdnwVx2+loBuWoXQAjFPWg6csGLBgCHq4l8mgsBj28WRfpHAF63bh7A/8DNAEQuW/5SbA4AsHEJoD9N/1XAA8Vtd97DBgCNdBoFwENaARx2aZEPxXVyTv5BVP9VdMEAJCRfVQkARHylwMWf/sCOEgAARtr4EDD8/sD9wTr/XFMBb42AxMO9c1lMAXeSEC42BcD4NsFVBABuk7+dAl55qhf9L/7QAE/y5v7A+P7/OP76ocD+/sH//wX/+qEJAUOuXsIFwfoyDwGiryv/BUplGf4FAOevNAT8AF4ls1pqEwBotKExg8OiwH/AqwQFiLUoPAYA0XMtU54NAbO7Kf+UwMVg/g0Ar7wwBEL6nkfBDACAzej/+2D+wcAvBwCuzmGdw8BOCABsFy0mGhsBA9XXwDpFTqP9///+//8F/8Wg/sHAwMEGxWTaGPzBXBQAQCXQK6T6Iv44/8E7/1ZSAWjnTGBVgcMJXmzmQ/84RwVlAF4q8VBeCABl9zieP0YIAKX3/0bFZgkBvPs0RfAHBFT/PP/5xInCEIRZSMP9VAUQGAkyny0EEOkWNzoyHE4nE9N7wP/v/P6i/vzA/v//OsH7nlMXECoV2gb+WHj7+v/+wTUF/0lDEQ4W01XBgv76ov/++/3+/gXA+qHB/v7C/cE7BBUfGFExCBAj31P7np/8BBAzH6zE+kgRJyLihMEE/h9/PFXC/AYQjSJWnPt3BRDBJ/j/Q1sROzNgwMABBRRZNCz8LQYQmDdSnkQEECU8ZwHFxV5FQwEBAADFFgVeAQECGAAAxQAFXkRDAAAAAAAAAAAAAAAAAAAAAAAAAAAAAAAAAAAAAAAAAAAAAAAAAAAAAAAAAAAAAAAAAAAAAAAAAAAAAAAAAAAAAAAAAAAAAAAAAAAAAAAAAAAAAAAAAAAAAAAAAAAAAAAAAAAAAAAAAAAAAAAAAAAAAAAAAAAAAAAAAAAAAAAAAAAAAAAAAAAAAAAAAAAAAAAAAAAAAAAAAAAAAAAAAAAAAAAAAAAAAAAAAAAAAAAAAAAAAAAAAAAAAAAAAAAAAAAAAAAAAAAAAAAAAAAAAAAAAAAAAAAAAAAAAAAAAAAAAAAAAAAAAAAAAAAAAAAAAAAAAAAAAAAAAAAAAAAAAAAAAAAAAAAAAAAAAAAAAAAAAAAAAAAAAAAAAAAAAAAAAAAAAAAAAAAAAAAAAAAAAAAAAAAAAAAAAAAAAAAAAAAAAAAAAAAAAAAAAAAAAAAAAAAAAAAAAAAAAAAAAAAAAAAAAAAAAAAAAAAAAAAAAAAAAAAAAAAAAAAAAAAAAAAAAAAAAAAAAAAAAAAAAAAAAAAAAAAAAAAAAAAAAAAAAAAAAAAAAAAAAAAAAAAAAAAAAAAAAAAAAAAAAAAAAAAAAAAAAAAAAAAAAAAAAAAAAAAAAAAAAAAAAAAAAAAAAAAAAAAAAAAAAAAAAAAAAAAAAAAAAAAAAAAAAAAAAAAAAAAAAAAAAAAAAAAAAAAAAAAAAAAAAAAAAAAAAAAAAAAAAAAAAAAAAAAAAAAAAAAAAAAAAAAAAAAAAAAAAAAAAAAAAAAAAAAAAAAAAAAAAAAAAAAAAAAAAAAAAAAAAAAAAAAAAAAAAAAAAAAAAAAAAAAAAAAAAAAAAAAAAAAAAAAAAAAAAAAAAAAAAAAAAAAAAAAAAAAAAAAAAAAAAAAAAAAAAAAAAAA=', 1, NULL, NULL),
(47, '909090206060', 'John Wick', 2, 'johnwick88@gmail.com', '670b14728ad9902aecba32e22fa4f6bd', '0124995000', 'PENANG', 3, '2018-03-01 00:00:00', 0, 'TB1TUjIyAAAFXl8FBQUHCc7QAAAlX24AAAAAhfUwhF7VAUAIiwAVADNZgAGpAHgMkQDzXsMMWwALAfcNsF7qAT4JhABDAIVRJgGkAFEP7gCPXlgOhQA4AdUEx14lAEkP1gDKAThRaAFcAHkPdABSXh8OMQBVAYEMbV4lAYQPewAFAExVXwG5AEwOiQDGXkkOqADeAIMFdl4XACEMMQAbAE1TpQEgAWEFQgAoX/QF1wC3AOoK1l6lAagPiQCnAIxRTQE/ATYPuABIXxkJIQBIAQUIoF42AZIP+QCGAUFdaQHCAEgLXADOXpwGdQAAAdoOQV71AT4NOAAvAEFTYgEbATUMCQDkXjQOZwAwAX0MMV5+AeYPLwDmATtXaQFeAAgPmABDXywPGwAtAQACYV4+AQkPGgD6AOFTmAEcAJUO9Q/wpzCmvPs9mCjuUGzP+GoxRYQ0klfefPwBcmETIPk0VOeiRgnG+W548KX/b08IBXSoC1ZNOR7B+v5Y3A+7tu4Opff/CCIAWS/AchLwFo0flhLV2IQiEeuAgH/yrz4PtQFtCZwWUVmgBD4EJf38A59cXAjhqs4QEOwgWPDyZQRdD98CI0aPbYZS1Ofr1H/KCIie/7fr1HkaKUIOghB+gPsJWFc3gbL1OQo37DN73Hx5/5KGW/wnK0YI5wvT/wrn3aE0ALkDVWjMWlABpAPR77rsJPxMIuT66fxZCIuEREr4BIV9vfoX8RNVgIQZjpmbPIzvyIbisXqSgqcKSc83AX6A5fngdltKqIv1B+uA+Ie0zbMBzwOf3xKPG1pmEFePwFtHoY2hAABPUjYgwwEFXpq1ViWi6Htn3yqNxiBKAQILJataAXcEDzAFxWYNUv5MCQCTCN9VxZ5VBgCjChM5wVhRAUsQ/SlKO8DFG8ECALgQGjoEBRwSdpcGAETSacSgowkASRcAOz9WVgGeHx5dWMIAYH2HmnQNAGb7APie/jRYSwoAmz+FnYjBdA8AZoYJTh/AR8H7wwfFtF1+WlILAGlbRcONn8HAWxYABJrgQp7+//3+wTL4RUtbAWlheokLxXBnV/4xwEbAF8UBcIg3/sAq/j0FN/sL/hQAN4DnhPz6oTLBRjdbF8WBh9jCwMSGdGI6xfgtahAAgYeDUsKGB8HBw1ETAEyIE6H+/0FTS8Hw/wBeKYtawG8FxSyLCcFtGQAEkhLAPZ7/LUc1wETqwRleKp/X//4z4jXFHv/AwUHBwDjD/kgBBqLTRP/1/SqiVVVEBgAkY1fHBgYBKqZTwjtrAV6Dq4PFxAbF179qw/7C/AQAGbooBwQBWbxMwUEFBQC8TXgFAHsFPfr8AgGK6sDEwQCAnB8eBABMxImAD15mxEyQwXYHDgXLyKPExsmbssPElB0BMtjQVDoq+X3+NET/RMDsCAVw4U3BcmEIxTLlGP7AwVoEAA7iNWYHEYcInv/kBAUr1UGpAwD2ICf4RwE25sY1wO36+KD//Ec+O1nDALezO///NQQA8O5MLggBOe5D/wdkdlYBQ/dAwME6w0ZWAUb3PcDAuf8MXlT7PcCEcdAApLbCxH3Hw8YEl3+hbcUFAQr9+MIiWhF3AiTBx8AQ6Egs/CoDEFvKMPtYEdQSQMA9wxDcTDtN/hoQp9zMxJzBwsHAlsMDnpwgWMEEEMImjDsATi8mQ8I/BdUyImPBewUQDjiJwlJdEBExRsIE1WgxbokCEBw4QAUGFVQ7uzX/IgDd6ckG/sH+//7/OP74oP7/VP7//wTAxaH/wP/A//4EIBUaVrvAwFRVhP41pf0mS8D//jrA+J5FQwEBAADFFgVeAQECGAAAxQAFXkRDAAAAAAAAAAAAAAAAAAAAAAAAAAAAAAAAAAAAAAAAAAAAAAAAAAAAAAAAAAAAAAAAAAAAAAAAAAAAAAAAAAAAAAAAAAAAAAAAAAAAAAAAAAAAAAAAAAAAAAAAAAAAAAAAAAAAAAAAAAAAAAAAAAAAAAAAAAAAAAAAAAAAAAAAAAAAAAAAAAAAAAAAAAAAAAAAAAAAAAAAAAAAAAAAAAAAAAAAAAAAAAAAAAAAAAAAAAAAAAAAAAAAAAAAAAAAAAAAAAAAAAAAAAAAAAAAAAAAAAAAAAAAAAAAAAAAAAAAAAAAAAAAAAAAAAAAAAAAAAAAAAAAAAAAAAAAAAAAAAAAAAAAAAAAAAAAAAAAAAAAAAAAAAAAAAAAAAAAAAAAAAAAAAAAAAAAAAAAAAAAAAAAAAAAAAAAAAAAAAAAAAAAAAAAAAAAAAAAAAAAAAAAAAAAAAAAAAAAAAAAAAAAAAAAAAAAAAAAAAAAAAAAAAAAAAAAAAAAAAAAAAAAAAAAAAAAAAAAAAAAAAAAAAAAAAAAAAAAAAAAAAAAAAAAAAAAAAAAAAAAAAAAAAAAAAAAAAAAAAAAAAAAAAAAAAAAAAAAAAAAAAAAAAAAAAAAAAAAAAAAAAAAAAAAAAAAAAAAAAAAAAAAAAAAAAAAAAAAAAAAAAAAAAAAAAAAAAAAAAAAAAAAAAAAAAAAAAAAAAAAAAAAAAAAAAAAAAAAAAAAAAAAAAAAAAAAAAAAAAAAAAAAAAAAAAAAAAAAAAAAAAAAAAAAAAAAAAAAAAAAAAAAAAAAAAAAAAAAAAAAAAAAAAAAAAAAAAAAAAAAAAAAAAAAAAAAAAAAAAAAAAAAAAAAAAAAAAAAAAAAAAAAAAAAAAAAAAAAAAAAAAAAAAAAAAAAAAAAAAA=', 1, NULL, NULL),
(48, '909090208080', 'Raymond Lee', 1, 'raymondlee46@gmail.com', '670b14728ad9902aecba32e22fa4f6bd', '0125556006', 'JOHOR', 3, '2018-03-01 00:00:00', 0, 'Ss9TUjIyAAADjJEFBQUHCc7QAAAjjW4AAAAAg5sdeIzRAesPhQBlAHaDkQGVAP0PpACIjF8KhwBwAMYMIoyiAdAPPwDKAUyBwwGHAIMPdgBqjIkOEgB6AAoNe4ycAfkMbgBSAGKAbQH1AFEPbACSjHoOkgBxAEYMXowZAM8PgwDkAUSDnAEeAeoNUgApjTcIowBXAWsEYYyiAd8LTwBgAN6BXgHxANUPaQD2jAIOHQDMAAEPGYzBAUYP0QB1AAOJywH/AIQP/wBgjOMO5p7yG5p4l/PseZ0W5Yg8Bn4KQPxhgj1nRYO1hnt++oz2DqcDPQwXfh8BbQtr/TELJwRyBUYOIwOcYO6KHJuQhzgeN+eAhb0FvXxHhgHmgIP1+3YKRYP1cUOIPoCCgnuKTp40XsZ66LfUp2VnHU7d8oOITniMSn5qgYAdBVzqoo1/gZJ9uYQrColjj4HOG8/OsYOBeqLqcIcGeO5rMfMehBMHioCinmDfChXDhu8XxQIjjwACEltOM8oAA4yUlmcfnLdZsXhJsrwgMwEBJxlnggFMPGmOwjjAwHLA/noXAL+JloD2wMPCjv50kWkHjCtPV38LAH5RhXP+jcLBhAPFG1ncwBMA1GKMof/ADcONg/8TABRng3P8fcKElsIF/8NOEQGxaYmBsJdh/gQBDWxQw5QWA1lzgmXAfJNRbWFOFwHcdm35tcL/Eo9XZXsFANd/SkxBCQDCgoa1/5yeAcKIgFKIB8JqTMFlDwCnjkaTx3OKdVQEANdKgF+EAdmYgMBoswwDCaFxlnhr/tYA2SyCbMHBw3xMUsFyCAFMqVZwl8ERjNmphnbDbEnAwXJ/BAAXw1C+CANbwYeFwowPxdjKBYp4wsHBwQSLCowd0FBv/cSgCgNV0I2IeX4PxdnaAI3DkMN0XcEBCXg8dw4A2uFJjMFPwIF8DABeK9BCpjzADADYuEbAwk3Ag8NVBAB08v6qBAFc9lB4wACqenHClQQAsTIAJ48Ba/hTwgbFb/rcwcHCwA0AIvmUGpqJjAkQysWJwE7DxMN0CxAcDJNPwcLEo8HFwxCYl939+yoOACzvkE/+wsHCkoAEBhMsHOP6/f37wBAWu0LBRwMQr+ZMxIkRDjhQw1fBEQSkNfz/BBCc6DqAiBGXLj12CNWtSTz+/fr4+/vBEJ3TAfzFAERCxAEDjAEXAAAAAMcYA4wBAQAARUIAAAAAAAAAAAAAAAAAAAAAAAAAAAAAAAAAAAAAAAAAAAAAAAAAAAAAAAAAAAAAAAAAAAAAAAAAAAAAAAAAAAAAAAAAAAAAAAAAAAAAAAAAAAAAAAAAAAAAAAAAAAAAAAAAAAAAAAAAAAAAAAAAAAAAAAAAAAAAAAAAAAAAAAAAAAAAAAAAAAAAAAAAAAAAAAAAAAAAAAAAAAAAAAAAAAAAAAAAAAAAAAAAAAAAAAAAAAAAAAAAAAAAAAAAAAAAAAAAAAAAAAAAAAAAAAAAAAAAAAAAAAAAAAAAAAAAAAAAAAAAAAAAAAAAAAAAAAAAAAAAAAAAAAAAAAAAAAAAAAAAAAAAAAAAAAAAAAAAAAAAAAAAAAAAAAAAAAAAAAAAAAAAAAAAAAAAAAAAAAAAAAAAAAAAAAAAAAAAAAAAAAAAAAAAAAAAAAAAAAAAAAAAAAAAAAAAAAAAAAAAAAAAAAAAAAAAAAAAAAAAAAAAAAAAAAAAAAAAAAAAAAAAAAAAAAAAAAAAAAAAAAAAAAAAAAAAAAAAAAAAAAAAAAAAAAAAAAAAAAAAAAAAAAAAAAAAAAAAAAAAAAAAAAAAAAAAAAAAAAAAAAAAAAAAAAAAAAAAAAAAAAAAAAAAAAAAAAAAAAAAAAAAAAAAAAAAAAAAAAAAAAAAAAAAAAAAAAAAAAAAAAAAAAAAAAAAAAAAAAAAAAAAAAAAAAAAAAAAAAAAAAAAAAAAAAAAAAAAAAAAAAAAAAAAAAAAAAAAAAAAAAAAAAAAAAAAAAAAAAAAAAAAAAAAAAAAAAAAAAAAAAAAAAAAAAAAAAAAAAAAAAAAAAAAAAAAAAAAAAAAAAAAAAAAAAAAAAAAAAAAAAAAAAAAAAAAAAAAAAAAAAAAAAAAAAAAAAAAAAAAAAAAAAAAAAAAAAAAAAAAAAAAAAAAAAAAAAAAAAAAAAAAAAAAAAAAAAAAAAAAAAAAAAAAAAAAAAAAAAAAAAAAAAAAAAAAAAAAAAAAAAAAAAAAAAAAAAAAAAAAAAAAAAAAAAAAAAAAAAAAAAAAAAAAAAAAAAAAAAAAAAAAAAAAAAAAAAAAAAAAAAAAAAAAAAAAAAAAAAAAAAAAAAAAAAAAAAAAAAAAAAAAAAAAAAAAAAAAAAAAAAAAAAAAAAAAAAAAAAAAAAAAAAAAAAAAAAAAAAAAAAAAAAAAAAAAAAAAAAAAAAAAAAAAAAAAAAAAAAAAAAAAAAAAAAAAAAAAAAAAAAAAAAAAAAAAAAAAAAAAAAAAAAAAAAAAAAAAAAAAAAAAAAAAAAAAAAAAAAAAAAAAAAAAAAAAAAAAAAAAAAAAAAAAAAAAAAAAAAAAAAAAAAAAAAAAAAAAAAAAAAAAAAAAAAAAAAAAAAAAAAAAAAAAAAAAAAAAAAAAAAAAAAAAAAAAAAAAAAAAAAAAAAAAAAAAAAAAAAAAAAAAAAAAAAAAAAAAAAAAAAAAAAAAAAAAAAAAAAAAAAAAAAAAAAAAAAAAAAAAAAAAAAAAAAAAAAAAAAA=', 1, NULL, NULL),
(49, '909090207070', 'Alisson Becker', 2, 'alisson.beaker22@gmail.com', '670b14728ad9902aecba32e22fa4f6bd', '01259994003', 'KELANTAN', 3, '2018-03-01 00:00:00', 0, 'TGlTUjIyAAAFKikFBQUHCc7QAAAlK24AAAAAhDk2dirMAS8DTgAiADEhUgEBATAPagDgKkMOYwCjANcPkSojALwCigDjAbwrKQHkAEENCQDiKrwNsQCSAGcInCpHAMAFigCLAaYsOwFBAcYLewB+KqAKsQBUAdMBQypjAfYN3gCUARArMQE4APEMRgD8Kq8JngD0AHoOmCoCALQNeADSAakgtAEAAcUMeADeKkQNTACgAJIPwirkAUMMgwD/AagoJAEkAToNugBLKy0HnAB3AFMPaSpUAKcCNQCMASsoEAEzAUABCQBKK5cEFgBXAKQKcyopAYgMmwAYAKskeAG1AIoNTgCqKh4HmACpAFgGkiodAL4FnwDaAUQvpwGiAKAJTgAyK7YAKgCuABMPUCp/AWcPDAAPAE4lpgFIAcABngBdKzMEEQAqAQUBDiqOAdgLngCTAJMkVAEyAHUMogAjKggMHaYuEqeDgC3T9zYHCf+vh06uJP3NlqGGML6IoSOvmAI0B31/vdWs/QUERg4b+l47VXxheUV//AWwKUMExQAtHKQJWVHI5ZH5EJqnjdO8NAJmDTcAyFhgqQBaupA7BNKU9KvrAvNWin0rkrrWzPLh/yIEwAygVHwTkfTJ8tD79Nzn8d7wORKUC3CtXAWhBFmJ9Ebz25uATIndAHgCwdAcgKH1vX1o/mtfVYrFhR2BawAX3/P0VXTNfRcELUAD92L+AILgCl898IBlg3LaO3IuRmqLfYBuFdr35EQM89Jp6W2EXpBRUIXVlVKAlIDU1lcVFAbQfuwEyay1hrWKTQR8AUuqPQ+JAO35W4ELpE8CxnBmEYtWUyQbd/d3RQAgrD82SI1GCepuxYKwo9b9ygdzei6PKyoO9Y8T9W7H7YOvfIHhlu8bxQRGrhEDAAEDKIg5LDgNBgFX1H7uo9zyUt+um4Qg+AEHexxmBACCHd9bBipSMHfCDAD0NegE/07/VQkAnjUGET/+CgBTObHBhen/fQMALD2swQsqnjqceMPDBcHH6MF9EQCeV1+EnlZ/dAMAFFmZwAkqSF7w/S7AOFj/IAFDZmfBfr3BAipLZ/T+Kf7AAMdENmwSAL55Z3di66PDb2oFAJZ/aLgQAb2FoME6gMWxiHUVALOSZcHE63SSnWnAwL8DBSCWUsIHAFFl8PjX/EMHAGagzP751UcWAKmgqQZ3xuvAxcKIwWIE/8RRDQGjoZ7AB4jApsMRAEmjXgaLanPA/pQQAF5hbcGzhn/BixAAiKZf6InBcsHAwgSDAypnpwz8/zvaALSMvMlxfX2QQMJg1cT/XcFaFsWdoorAwKCXlMKMwcVjCQHMpyf8+4wQKpepnMHBxAfDnuh9wWpkBQBtuEzoVBMAd7OQasP67/5wb8HB+M4ALp5RecBqbAnFr79pVYn9BQC4AEZuIgFnw2nInqUIBUDEG/7+/cAH/QEqDM1MXgcAkMzW0vj9LwQA5Bc9VyIBZ9M6icI8wAYqctUwwggAltY46H/AwQgBCBk3++vA/FkIACghQMXr/sNkBQCKIDD66fgHAK7lQwTBxNcFAcXpSYTNAFTANsJfbwMAZPlF6wkRVAE0wgTAx3MXEZwDtMA7osbpx8fFwMHCOsPF6MHDwQMQnedGxy8RoiJASQXVJSEdwW8REIskf//G7v/+/s/PwwfAxNZzBBCUJUMHwvosEBM4TP/COvUBOtBZhv/0A9WHOAj7AhA8PzAHAEFoAAAAAAAWxQAFKgMZAAAAAMUAQGgAAAAAAAAAAAAAAAAAAAAAAAAAAAAAAAAAAAAAAAAAAAAAAAAAAAAAAAAAAAAAAAAAAAAAAAAAAAAAAAAAAAAAAAAAAAAAAAAAAAAAAAAAAAAAAAAAAAAAAAAAAAAAAAAAAAAAAAAAAAAAAAAAAAAAAAAAAAAAAAAAAAAAAAAAAAAAAAAAAAAAAAAAAAAAAAAAAAAAAAAAAAAAAAAAAAAAAAAAAAAAAAAAAAAAAAAAAAAAAAAAAAAAAAAAAAAAAAAAAAAAAAAAAAAAAAAAAAAAAAAAAAAAAAAAAAAAAAAAAAAAAAAAAAAAAAAAAAAAAAAAAAAAAAAAAAAAAAAAAAAAAAAAAAAAAAAAAAAAAAAAAAAAAAAAAAAAAAAAAAAAAAAAAAAAAAAAAAAAAAAAAAAAAAAAAAAAAAAAAAAAAAAAAAAAAAAAAAAAAAAAAAAAAAAAAAAAAAAAAAAAAAAAAAAAAAAAAAAAAAAAAAAAAAAAAAAAAAAAAAAAAAAAAAAAAAAAAAAAAAAAAAAAAAAAAAAAAAAAAAAAAAAAAAAAAAAAAAAAAAAAAAAAAAAAAAAAAAAAAAAAAAAAAAAAAAAAAAAAAAAAAAAAAAAAAAAAAAAAAAAAAAAAAAAAAAAAAAAAAAAAAAAAAAAAAAAAAAAAAAAAAAAAAAAAAAAAAAAAAAAAAAAAAAAAAAAAAAAAAAAAAAAAAAAAAAAAAAAAAAAAAAAAAAAAAAAAAAAAAAAAAAAAAAAAAAAAAAAAAAAAAAAAAAAAAAAAAAAAAAAAAAAAAAAAAAAAAAAAAAAAAAAAAAAAAAAAAAAAAAAAAAAAAAAAAAAAAAAAAAAAAAAAAAAAAAAAAAAAAAAAAAAAAAAAAAAAAAAAAAAAAAAAAAAAAAAAAAAAAAAAAAAAAAAAAAAAAAAAAAAAAAAAAAAAAAAAAAAAAAAAAAAAAAAAAAAAAAAAAAAAAAAAAAA=', 1, NULL, NULL),
(50, '808080201010', 'Noor Haslita', 1, 'noorhaslita40@gmail.com', '670b14728ad9902aecba32e22fa4f6bd', '01120204040', 'PERAK', 2, '2018-03-01 00:00:00', 0, 'TSFTUjIyAAAEYmAFBQUHCc7QAAAkY24AAAAAhPEjcmLlAW4NegDVASlsdQEkASoP+AAIY0IOngA2AWIP0WL9AaEOggCMAaNtxQEyAQ4NDgBWY4EKNABfAekIL2JhAW4OQgD3AHJtcAHyAEkMQgAKYygPZgCvALUPWmIqADAPKgDPAU5tjgFFAacP/AArYzkO0AA6AUoJzmJVAIILhQCRAI5txQFcAI0NSAAdYowPcAD/APEMYWIQADUPwwAgACRtLQHTAFcP5ADxYk4LuACfANkNzmKqAZ0NpgCQAZVtKQFSAS0JYABTYg8OUQBIAMYPZUZcPlJDTAc4+aVnIPzJ/v32BPmGb9v0OQESGIcBgeEulycXzQAHAe54jIGqkK6NkQHNkLt19QEb9Pb/+g3m+A/nMXeaCRuNfRYF3G4cFf/1lbQCRwZLK74bQWgc/s75PQkg/m50TAG5AfEby/VCa58PiYA5EvgP1GfI9rp1+nxGibude4F7Bz9z/gcj4VqOEO95CWABTWsgAHEOhYPihx9ldwhvDl8XpAb6m08MfYIvk1r/eeAqfqMTie9j7PZzdAAm9jv/v4Dy5iaCJY/ql055WGmSrQUBAwW3VSJrAwEAnbJs0pT7rzTBtWy9IPkBBg0gnwgAcgLG+2wUBwGKAgb8kgUENAUB/FYHAIQPBKL//nEGAJXZFsWj/v4OADIeMTH7o0fBwD0QAO0s8KL8/kbB/1QF//hhAUMvesIMxUo2n/7/VFNGA8VDMhXDDABURvo4//qiwVtMBQBMjXrFGQ8BHUv0Uzr+RKLAWwQAVEvGRAFip1kQwEkTxRJiiT8qREBdPdEAFRvmwTD+PUuQwMSd/hIAD4jeOzvEnDlBwUP/E8XjqfjBwcDAwv9OdXOgwREAtJ2aBMF84G7AdxYAC2LX+p00/v7+wECB/3CfDQFmr3GOt3bEZAHPshpWwNIADt3bP8D9wCqO/0Cj/sFvFwAKCdf6KP78MP4+PwX/xR4SATDO3DQF+sRJ/j/Aw4kFxSjRPnQHAC3WU4DDEmIN1tb/PjA7/vpaP8HAexYA1dzeokIrKf1H/wVmxnEBwOKnwXhBwqQWXQoAduR9AsTHnZJzBADI6NuGDGJv80zCxf4HdwdiIflQwQYQtAIz5sMUECwDzPj/+kb//P8+wMAEmRdyPwTMwP/+O/v4nzBawJ8FEdYITaNWBRAnC0mIBBROCkdSBBAagkPFpwkROg1GwTugxmURPg1AwHcHBBTqECpvCRB71i18oJoEEGUVNLkEFGsbPFEdEOjciSqd/nGCw8SXtsNG/cAFEHYlK6oZFIsmfP3+/v46YsSgxcLGxIDBqoUBcl4vNJEYEC8whFb8S8HBwMICxsDpgm4EEDoz+JcVcpo2ojjB6Tz+xKPAwsLDawXVoj94wn4UEM07Sf75Lm3HycXBwgfBxfcCEYhNFsPGEM43e/8EEOpmsTtAIAAAAAAAFsUABGIDGQAAAADFAEEgAAAAAAAAAAAAAAAAAAAAAAAAAAAAAAAAAAAAAAAAAAAAAAAAAAAAAAAAAAAAAAAAAAAAAAAAAAAAAAAAAAAAAAAAAAAAAAAAAAAAAAAAAAAAAAAAAAAAAAAAAAAAAAAAAAAAAAAAAAAAAAAAAAAAAAAAAAAAAAAAAAAAAAAAAAAAAAAAAAAAAAAAAAAAAAAAAAAAAAAAAAAAAAAAAAAAAAAAAAAAAAAAAAAAAAAAAAAAAAAAAAAAAAAAAAAAAAAAAAAAAAAAAAAAAAAAAAAAAAAAAAAAAAAAAAAAAAAAAAAAAAAAAAAAAAAAAAAAAAAAAAAAAAAAAAAAAAAAAAAAAAAAAAAAAAAAAAAAAAAAAAAAAAAAAAAAAAAAAAAAAAAAAAAAAAAAAAAAAAAAAAAAAAAAAAAAAAAAAAAAAAAAAAAAAAAAAAAAAAAAAAAAAAAAAAAAAAAAAAAAAAAAAAAAAAAAAAAAAAAAAAAAAAAAAAAAAAAAAAAAAAAAAAAAAAAAAAAAAAAAAAAAAAAAAAAAAAAAAAAAAAAAAAAAAAAAAAAAAAAAAAAAAAAAAAAAAAAAAAAAAAAAAAAAAAAAAAAAAAAAAAAAAAAAAAAAAAAAAAAAAAAAAAAAAAAAAAAAAAAAAAAAAAAAAAAAAAAAAAAAAAAAAAAAAAAAAAAAAAAAAAAAAAAAAAAAAAAAAAAAAAAAAAAAAAAAAAAAAAAAAAAAAAAAAAAAAAAAAAAAAAAAAAAAAAAAAAAAAAAAAAAAAAAAAAAAAAAAAAAAAAAAAAAAAAAAAAAAAAAAAAAAAAAAAAAAAAAAAAAAAAAAAAAAAAAAAAAAAAAAAAAAAAAAAAAAAAAAAAAAAAAAAAAAAAAAAAAAAAAAAAAAAAAAAAAAAAAAAAAAAAAAAAAAAAAAAAAAAAAAAAAAAAAAAAAAAAAAAAAAAAAAAAAAAAAAAAAAAAAAAAAAAAAAAAAAAAAAAAAAAAAAAAAAAAAAAAAAAAAAAAAAAAAAAAAAAAAAAAAAAAAAAAAAAAAAAAAAAAAAAAAAAAAAAAAAAAAAAAAAAAAAAAAAAAAAAAAAAAAAAAAAAAAAAAAAAAAAAAAAAAAAAAAAAAAAAAAAAAAAAAAAAAAAAAAAAAAAAAAAAAAAAAAAAAAAAAAAAAAAAAAAAAAAAAAAAAAAAAAAAAAAAAAAAAAAAAAAAAAAAAAAAAAAAAAAAAAAAAAAAAAAAAAAAAAAAAA=', 2, NULL, NULL),
(51, '909090201010', 'Mazratul Afiqah', 1, 'mazratulafiqah55@gmail.com', '670b14728ad9902aecba32e22fa4f6bd', '0124005000', 'SELANGOR', 3, '2018-04-03 00:00:00', 0, 'SsdTUjIyAAADhIsFBQUHCc7QAAAjhW4AAAAAg5MYhoT4AX0JkADUAZOOrQHzAKUPdwDihCoOUAABAYoL1YQNAKoPqwBiAJSLOgG5AGMLVAD3hJEObwDwAMAMh4QeAEUEkQDxASyPfwE2AToH+ADphFIKdACgAL0P5YRGAJ4JhADAAWqNdwESAfEFVwAghZALhQA1AfEHcYQ8ADYKgACIAbiK3QHCAKgPWwBVhBQOSBf071B6kqwsAE1NqX2cF1WupIjCnsOxE/wdyUdibwR7gsoPcKb+8ydvXxDK71CTYRZNKfHvSIqdGIN0SbQZtRxVz3sUoc31QAp0BEKJUwXv8DNRyuJ4k052m/dvc7IP32s42Xl5ra20iY7nfE0xZK0BDf5Lg7wANfw5Bah9agGAg42KQ32qEjiDpoLDn5dv8bNDhQIZb1AiA8QAAzzDPhuY/6b0/2/1mSEwAQIX2f8JhJ0lEP9HwIIDA0gpF/4LAJDsEEnHRQYAvSkXnTgOhH0xBjY+wfvBEoRtOwD/MksE/sJ7wf87EQBeg/r9e/9h//9KQjkTA9FS9f3/NMI6/z1FTVoMAKFY1j38RMH/wzoUAI9f9Lz//kBGWMAFwPySAUVt7f4xBf49ekvB/8HAwAT7E4Q/ePDAKsI5/zvA/hEAOIjnO/8oef45///AwNEANRXoOv47///7WMPhBgFxnICdB/8WhDWc5DMxNTjBT0VEwA8AeZ/M/vyxVP5ywwgAtKF0FMJ8CwCopV+Ai0Z6FAAtteKE/yR7Sv//wcD/BXwFhODGJ2r+E8Ut51PBOsD8//zrU0aMAbPkJ/9qqRQDxOTWO/39/Tj+w3v9w2R8BQD67VBEkxIAL+7XOsA/eSU5VGUPAGjwqAfFw8TEwcEGwPxGDwFy8gAeOFjCRcJcEgCo8mF1xy3DXcH/xFfOAJN3lsLIxMHCBcHDRgkBr/grW04JAwD7iLXCwIjAEFKAUcF3AxELwEbBjBGCBnTIwAaAAJTaECTCBRCaH0r4BBGGITrDnwYTDyUl//99BNV3McSSFxA7N8b9/z5//f38wf7ABf/DRMPDBBCSN/V4AJSAOTrCAxBDODdEAhEDTEbD0xDr0JH//j7+wwXB/EDCycOLcBTV4WYXQDR3xMbHAcDBRcDDERDaalUw/cbDx8mphACBQgKFAQEAFgAAxQABnAEBAAAAAIBCAAAAAAAAAAAAAAAAAAAAAAAAAAAAAAAAAAAAAAAAAAAAAAAAAAAAAAAAAAAAAAAAAAAAAAAAAAAAAAAAAAAAAAAAAAAAAAAAAAAAAAAAAAAAAAAAAAAAAAAAAAAAAAAAAAAAAAAAAAAAAAAAAAAAAAAAAAAAAAAAAAAAAAAAAAAAAAAAAAAAAAAAAAAAAAAAAAAAAAAAAAAAAAAAAAAAAAAAAAAAAAAAAAAAAAAAAAAAAAAAAAAAAAAAAAAAAAAAAAAAAAAAAAAAAAAAAAAAAAAAAAAAAAAAAAAAAAAAAAAAAAAAAAAAAAAAAAAAAAAAAAAAAAAAAAAAAAAAAAAAAAAAAAAAAAAAAAAAAAAAAAAAAAAAAAAAAAAAAAAAAAAAAAAAAAAAAAAAAAAAAAAAAAAAAAAAAAAAAAAAAAAAAAAAAAAAAAAAAAAAAAAAAAAAAAAAAAAAAAAAAAAAAAAAAAAAAAAAAAAAAAAAAAAAAAAAAAAAAAAAAAAAAAAAAAAAAAAAAAAAAAAAAAAAAAAAAAAAAAAAAAAAAAAAAAAAAAAAAAAAAAAAAAAAAAAAAAAAAAAAAAAAAAAAAAAAAAAAAAAAAAAAAAAAAAAAAAAAAAAAAAAAAAAAAAAAAAAAAAAAAAAAAAAAAAAAAAAAAAAAAAAAAAAAAAAAAAAAAAAAAAAAAAAAAAAAAAAAAAAAAAAAAAAAAAAAAAAAAAAAAAAAAAAAAAAAAAAAAAAAAAAAAAAAAAAAAAAAAAAAAAAAAAAAAAAAAAAAAAAAAAAAAAAAAAAAAAAAAAAAAAAAAAAAAAAAAAAAAAAAAAAAAAAAAAAAAAAAAAAAAAAAAAAAAAAAAAAAAAAAAAAAAAAAAAAAAAAAAAAAAAAAAAAAAAAAAAAAAAAAAAAAAAAAAAAAAAAAAAAAAAAAAAAAAAAAAAAAAAAAAAAAAAAAAAAAAAAAAAAAAAAAAAAAAAAAAAAAAAAAAAAAAAAAAAAAAAAAAAAAAAAAAAAAAAAAAAAAAAAAAAAAAAAAAAAAAAAAAAAAAAAAAAAAAAAAAAAAAAAAAAAAAAAAAAAAAAAAAAAAAAAAAAAAAAAAAAAAAAAAAAAAAAAAAAAAAAAAAAAAAAAAAAAAAAAAAAAAAAAAAAAAAAAAAAAAAAAAAAAAAAAAAAAAAAAAAAAAAAAAAAAAAAAAAAAAAAAAAAAAAAAAAAAAAAAAAAAAAAAAAAAAAAAAAAAAAAAAAAAAAAAAAAAAAAAAAAAAAAAAAAAAAAAAAAAAAAAAAAAAAAAAAAAAAAAAAAAAAAAAAAAAAAAAAAAAAAAAAAAAAAAAAAAAAAAAAAAAAAAAAAAAAAAAAAAAAAAAAAAAAAAAAAAAAAAAAAAAAAAAAAAAAAAAAAAAAAAAAAAAAAAAAAAAAAAAAAAAAAAAAAAAAAAAAAAAAAAAAAAAAAAAAAAAAAAAAAAAAAAAAAAAAAAAAAAAAAAAAAAAAAAAAAAAAAAAAAAAAAAAAAAAAAAAAAAAAAAAAAAAAAAAAAAAAAA=', 1, NULL, NULL),
(52, '909090205050', 'Usri Yusra ', 2, 'syafiqazizan85@gmail.com', '670b14728ad9902aecba32e22fa4f6bd', '01450080800', 'KUALA LUMPUR', 3, '2018-04-03 00:00:00', 0, 'SqtTUjIyAAAD6O8FBQUHCc7QAAAj6W4AAAAAg38brOjpAX8NrwAxAGjlagG+AOYNegAO6SIPugCkAEoPpOiCAQ8PuwC8AInnzQE+AacOugBW6HoOtADYAEgPpOj/AUIMagB4AOvltwEWASgMmQAM6UMO5gANAeMPYug5AEAG9QDuAaXmigE7AAQPVgC/6HEOqQAIAewMXejiAUUPrgDcASjmRwHbAEcPQABA6TEORgCUAJ0PkuhfALAErQDxAIfmQRbN9FE+Ee9zw2BEPADqol96vxfE+On+noJ3B1zIYIeegsOjoH45F44SygOHgLp82pPu+ytvQRD4J0GmeRoY2w3GfQTlTpt7yP44BzwBee4D/u/+ioEbBtToTxP+Al+TT4FJ63KGzYt2gWr3kWaTiy7nEOtIAXrpyAMKYgpejQYK7TwISQYfYOZggWjf8zMHT3KKdmj7g4Fvc78Ls4Fk4jb+JJsCAcQCI2Q/EQMAAAAYsTD0tP6ZPOpzV8Ej3AADViL9CsVYEBL/Q8H+OQ/FNC4D/jpD/0/AOgwDQzKCwFnBwgTBgO8BjzgDT0vPAIXSgoXBw8B+zQCN1gdVVREA44CTwhfAeWfBjHbPAH67fIXCwlkKxYVV7sE/YP8LALhYdCjDfXDCEwAqZ5Aow09SfpLBoxMDGnKSwGvBakTDf4IRAbl4icCxxMNjinMKAKqBycD+KMA0wRAAokeGwyqXwnDBwcGjCgNChxE3wDjBwgBHe1trhREAuGaTwW7EwcPBwsEE/3jwARis18BABf/90zlHV/84GMQJrEOIcf7EZsEGfMEXw8DAwRAAr7rfyEDBPlTAGsQKuU9/d8J2wcJVw8C5f8MQAG69J/34F/85RMBLEMWSvpXHnMP/e2qeCgOPw1HAwMJknAYDWtSSw8LGxNUAszKNw8PGxMOvcMN+CQG43BzAkWQA+QcpNP8FAIPeSihpHQEQ46sHwGwowWbCwMONBMGHsocGAF7kRgXBU/YACuendHiXwosswMOEwf/BqsBJ5gGs6IzGsgXBwypwwQsArPRFy8FxgsEaAQ73YsHDgWbAbJ+Ld4kKA575R37AfMLNEKrqFirBXwUQbgkuKW0GEMEQIIHC/ewRWhQ9LwbVtxXM/sD+wgYQahsuKcBdFxEACmdiw4HBw8DFw8RXwfwqVRgQ9wyiBWpkcMWcdMHAwAf/x/8R9SmnXGpdxMYscsLAasIE1V4/q38FEGM8PbYVExA0n0LAwX0NxsBseXEREPlCZ1bDKMDDyMnEwgfBY+8R1l+g/0wFCRNKEDyTwMGEgUIC6QEBABYAAMUAAfABAQAAAACAQgAAAAAAAAAAAAAAAAAAAAAAAAAAAAAAAAAAAAAAAAAAAAAAAAAAAAAAAAAAAAAAAAAAAAAAAAAAAAAAAAAAAAAAAAAAAAAAAAAAAAAAAAAAAAAAAAAAAAAAAAAAAAAAAAAAAAAAAAAAAAAAAAAAAAAAAAAAAAAAAAAAAAAAAAAAAAAAAAAAAAAAAAAAAAAAAAAAAAAAAAAAAAAAAAAAAAAAAAAAAAAAAAAAAAAAAAAAAAAAAAAAAAAAAAAAAAAAAAAAAAAAAAAAAAAAAAAAAAAAAAAAAAAAAAAAAAAAAAAAAAAAAAAAAAAAAAAAAAAAAAAAAAAAAAAAAAAAAAAAAAAAAAAAAAAAAAAAAAAAAAAAAAAAAAAAAAAAAAAAAAAAAAAAAAAAAAAAAAAAAAAAAAAAAAAAAAAAAAAAAAAAAAAAAAAAAAAAAAAAAAAAAAAAAAAAAAAAAAAAAAAAAAAAAAAAAAAAAAAAAAAAAAAAAAAAAAAAAAAAAAAAAAAAAAAAAAAAAAAAAAAAAAAAAAAAAAAAAAAAAAAAAAAAAAAAAAAAAAAAAAAAAAAAAAAAAAAAAAAAAAAAAAAAAAAAAAAAAAAAAAAAAAAAAAAAAAAAAAAAAAAAAAAAAAAAAAAAAAAAAAAAAAAAAAAAAAAAAAAAAAAAAAAAAAAAAAAAAAAAAAAAAAAAAAAAAAAAAAAAAAAAAAAAAAAAAAAAAAAAAAAAAAAAAAAAAAAAAAAAAAAAAAAAAAAAAAAAAAAAAAAAAAAAAAAAAAAAAAAAAAAAAAAAAAAAAAAAAAAAAAAAAAAAAAAAAAAAAAAAAAAAAAAAAAAAAAAAAAAAAAAAAAAAAAAAAAAAAAAAAAAAAAAAAAAAAAAAAAAAAAAAAAAAAAAAAAAAAAAAAAAAAAAAAAAAAAAAAAAAAAAAAAAAAAAAAAAAAAAAAAAAAAAAAAAAAAAAAAAAAAAAAAAAAAAAAAAAAAAAAAAAAAAAAAAAAAAAAAAAAAAAAAAAAAAAAAAAAAAAAAAAAAAAAAAAAAAAAAAAAAAAAAAAAAAAAAAAAAAAAAAAAAAAAAAAAAAAAAAAAAAAAAAAAAAAAAAAAAAAAAAAAAAAAAAAAAAAAAAAAAAAAAAAAAAAAAAAAAAAAAAAAAAAAAAAAAAAAAAAAAAAAAAAAAAAAAAAAAAAAAAAAAAAAAAAAAAAAAAAAAAAAAAAAAAAAAAAAAAAAAAAAAAAAAAAAAAAAAAAAAAAAAAAAAAAAAAAAAAAAAAAAAAAAAAAAAAAAAAAAAAAAAAAAAAAAAAAAAAAAAAAAAAAAAAAAAAAAAAAAAAAAAAAAAAAAAAAAAAAAAAAAAAAAAAAAAAAAAAAAAAAAAAAAAAAAAAAAAAAAAAAAAAAAAAAAAAAAAA=', 1, 'What is your Favourite Colour?', 'Red'),
(55, '808080066055', 'Zulfadhli Jais', 2, 'zulfadhlimohdjais@gmail.com', '670b14728ad9902aecba32e22fa4f6bd', '0179193472', 'PAHANG', 3, '2018-12-11 00:00:00', 0, 'TKdTUjIyAAAF5OcFBQUHCc7QAAAl5W4AAAAAhXM2dOTkAVkMVwAtAFzpSAHIAGgEmAD75EgNNgDlAJ0KpOQDAE4MYwBMAHzrGgHAAGMP/gCB5HEPWwBxAMIPG+QUAEoLLAC5AHPpZAE8AS8PHAD15CsOkABDAToNFeR7AXQIqgCTAY3rYQEmAIsHuwDb5GoKaACwAMABfuT/ATAGZgDDATvogAELARgIVgAC5awKvADUAO0PaeR4AYQPrgDRAVLpyAHwAKgP1QD/5FENdQA7AeMPtOR4ARIPFABCAGrsQAFAATkPqgBV5AsMAAHrAOAOFOUmADUNdwB0AA/lVQG2AG8BgAC45O4GPAC3AK0JVeQKAEUPNAA8AFfvOAERAUwPiQB65P8PuwAGAfsPNuQfAEYLTAD2ATzrfwFlAIgNFAAG5TcOGwB/ADwLhORUAYoN0wDsAUfovwFBAI0PlQAS5A0LFfClA5wrWPYkAq4AyHs0+bjlVQ6ZBe3yqAkr5APwpaBZ+vwT2BGYf712Fv3bd0LopP0FdZp4SIXY7ayTSQYxAyP8JOyEfXkLUQgk+8sd2IWp9b7tyNubnAvSHH9BBNQDl2yOZttLlYLvgxrmgBVaPI4WuPz0fe8YgRjB9qSH5RM0E7n6GeikbfQ7xGFNlWF/T4B/5prsUQ2RfRj/DP3QC76s2YDMdTSLXwkyAR77HPhgz+Pu/447hs6L9Z/E/QH7JQCDDf8RgICdh84GE/7OFdp/y/cDEyYD/ODznCaTgYDAbWztKYrEi4GA9Xs45Rj7Hf01CnT68BlkC0YMhQjsCuga+JBl+ZWGZOk47hiaDfzN/p8MoORUDub0wQBkg1zjHAz5kcX6IY8dY4CFPQSBgYsL++rnBtbvP36uB2bjlIOjB5uHGJ8xEutcPwEDI4tKI/UJAwC0yTTS5+aJc7ZIjf8gkQEG7yb2CQB1Bdb/wRhuwQQAOgjDQQbkog0TwgUA0A4GsAsBchEQ/rNkxO0BUhUMwf+GYALkDBr9QzoJxVMe9FllwRMABOn0Khv+wUTAZcL4EwXsOPU7V8H+BWVhsAIBxEQMwdEAB67w/sD+TP+DZGGDCAFqTozBBmdj7gGGVhDAZJzADuR9ZYZmwlxAFQXkaeYpRzZVBVhu9AFebwNLwTvA+iRXwSkEAFe3enXpAap4k4BZscHH4wGyeBDAwI8PBZZ7Av9AU2U6Sw3ks3wXwVZNwwA8ZnHBwI0SAIqC+NzBR///wMAFwPufBwE5h23ABXsM5GGGfYR0wNQAbW4CwTg/RFuSCQWEjXZqeMEJxXm14v//wf84FcVor+Q6R1TB/v6d/vujBgE6tmt4vAkFnbcHK8D8VMIAP19mwMB8GADlveLcOkpAWP9GBU4G5BnBZ8EIAITAbpNrGgAAxOA6Rvqn/MEwwEZKtikG5BvFYsAGAILGdSdoCgBnvQA6K/sb/1cOAEfMonjHlMDBwYUdAMXN2xrBwf44wf06wC4kP1I+YgwAe9cnGmE5MAoAfBh9wSDCT38MAIQlBv4a/fz9+/b9P/4A5Dvj5DwRAKLG+Br+MP/9wf0F/MQb/P8DEIVZYsAB5H3iZMTCDMUy47iEwMLBZsDBADINVsHCCgBWL1qBkpcEAQLsJwVFDOTc7iIrwfyRCQU98Cg3/jgOxTnwM//+Kir+LsYAgxMs/gMADPyWwg3kM/1TfGoIxTf4tHBvBQAR/pVqDfRbAUzBw2cHCBWEAUjBi3sE1aEAovf2BxDUBegrMewRuAk9O/w9/QL0vgg3KyEH1WQPosLBxF8EEK8KQ30CEU8PScLKEJ3rzcTGxsiyAcDHI8nEBhA4FIVCx+wRbRQweJXDEB7zTcDAewYQ2hdDJMFzHhBzGO7CxSDHx8TFwMEHwsYnw8PBxcDDBMLEGsPC/8HCBdUzJ6L+kQQRFCn1LAH00CpDMAQQEys/zQUQDis6R8EQT9FBggQQTzX/fgH0eDwnkURCxAEF5AEXAAAAAMcYBeQBAQAARUIAAAAAAAAAAAAAAAAAAAAAAAAAAAAAAAAAAAAAAAAAAAAAAAAAAAAAAAAAAAAAAAAAAAAAAAAAAAAAAAAAAAAAAAAAAAAAAAAAAAAAAAAAAAAAAAAAAAAAAAAAAAAAAAAAAAAAAAAAAAAAAAAAAAAAAAAAAAAAAAAAAAAAAAAAAAAAAAAAAAAAAAAAAAAAAAAAAAAAAAAAAAAAAAAAAAAAAAAAAAAAAAAAAAAAAAAAAAAAAAAAAAAAAAAAAAAAAAAAAAAAAAAAAAAAAAAAAAAAAAAAAAAAAAAAAAAAAAAAAAAAAAAAAAAAAAAAAAAAAAAAAAAAAAAAAAAAAAAAAAAAAAAAAAAAAAAAAAAAAAAAAAAAAAAAAAAAAAAAAAAAAAAAAAAAAAAAAAAAAAAAAAAAAAAAAAAAAAAAAAAAAAAAAAAAAAAAAAAAAAAAAAAAAAAAAAAAAAAAAAAAAAAAAAAAAAAAAAAAAAAAAAAAAAAAAAAAAAAAAAAAAAAAAAAAAAAAAAAAAAAAAAAAAAAAAAAAAAAAAAAAAAAAAAAAAAAAAAAAAAAAAAAAAAAAAAAAAAAAAAAAAAAAAAAAAAAAAAAAAAAAAAAAAAAAAAAAAAAAAAAAAAAAAAAAAAAAAAAAAAAAAAAAAAAAAAAAAAAAAAAAAAAAAAAAAAAAAAAAAAAAAAAAAAAAAAAAAAAAAAAAAAAAAAAAAAAAAAAAAAA=', 2, NULL, NULL),
(56, '902090209020', 'Amalia Rosli', 1, 'amaliasoli80@gmail.com', '670b14728ad9902aecba32e22fa4f6bd', '01134150835', 'SABAH', 3, '2018-12-01 00:00:00', 0, 'S7NTUjIyAAAC8PUFBQUHCc7QAAAi8W4AAAAAggcUVPDYAVcPjQA5AN3/dQGqAN4PrAAp8V4OrgAZAYsEMvBAAOsPSQC9AF7/QQHaANYP+wAD8dsOnwD5ADEKm/AQAFUIswBqAO33WgFQAeAP6QBk8N0OfgD9ABINU/CwAVYPLgAEAF/9pgHGAPUN0ACp8N0PPwBTASgPq3LnA4N8IQhY7c9+H4j7irvrt4L1eQ4PwfriXRdzu/KmDYuPvoGmC0lzqINSeO7+rwZ9dMZ+BRXZos8cO/rUe/Vi5f/SE90PHPZygi/0e4Hx89KKqfim5AOFJImb+2YCSogHgBD6YArTASMbB4Cpe8YKOQaRD7KTKpkIAAMiZ1TeBQLwAf6mHQe2CkjJlbvVxyAtAcSzGjgJAWgeYGgEeAjwWR5aVWpgzQBz02FacgcARONcwzDBZAQAMyiWVQ/weCtkZHPAr8AN8IAxZ3Rocwf/ef0BhzdnwXKCdsPgAY4/a3jCOsJOMFnBEACVR65vcDDBVME1DQBYTm8y/nZkZRIAZFZviHpswHP/NtYApq1swMFpZP8EwU3NDAGpZG3BBXdoMUIFAClrXrIUAl9qccHBwcEEalGoMsEUALNztHyCqkLBODEIAI16Xqb+ZAYArHyowmz/AbR8ZFF3BcHDD8D//hQAuEBtwJbBw2RXQELRALh9bHl+wcBbOv79MP99FQC7l7XCfjFjVv9AUsXRALxtanl4af7/Oj5Q4QG+pWvCwKxcwA0/OgoAUrSZd/+xwRAAwLd6AcP9e1o5/y8FAO/DXDH9wAYAL8ST//8x/gYAvch3XmsI8L7VgMSdwJ4EAqTcV8D/BQBy3XU1aAsAp+xivWVL8wHN6jrDCcWn/pR2Vf8FEJrxWjr3EWtecDxWwxA49mP/wEEIEGMGUafBMQwQmBSSV0kNPwkQZSxghDcH4GssV/4wA9XKR8T/BRBUU3T6AEayAAAAAAAWxQAC8AMZAAAAAMUAR7IAAAAAAAAAAAAAAAAAAAAAAAAAAAAAAAAAAAAAAAAAAAAAAAAAAAAAAAAAAAAAAAAAAAAAAAAAAAAAAAAAAAAAAAAAAAAAAAAAAAAAAAAAAAAAAAAAAAAAAAAAAAAAAAAAAAAAAAAAAAAAAAAAAAAAAAAAAAAAAAAAAAAAAAAAAAAAAAAAAAAAAAAAAAAAAAAAAAAAAAAAAAAAAAAAAAAAAAAAAAAAAAAAAAAAAAAAAAAAAAAAAAAAAAAAAAAAAAAAAAAAAAAAAAAAAAAAAAAAAAAAAAAAAAAAAAAAAAAAAAAAAAAAAAAAAAAAAAAAAAAAAAAAAAAAAAAAAAAAAAAAAAAAAAAAAAAAAAAAAAAAAAAAAAAAAAAAAAAAAAAAAAAAAAAAAAAAAAAAAAAAAAAAAAAAAAAAAAAAAAAAAAAAAAAAAAAAAAAAAAAAAAAAAAAAAAAAAAAAAAAAAAAAAAAAAAAAAAAAAAAAAAAAAAAAAAAAAAAAAAAAAAAAAAAAAAAAAAAAAAAAAAAAAAAAAAAAAAAAAAAAAAAAAAAAAAAAAAAAAAAAAAAAAAAAAAAAAAAAAAAAAAAAAAAAAAAAAAAAAAAAAAAAAAAAAAAAAAAAAAAAAAAAAAAAAAAAAAAAAAAAAAAAAAAAAAAAAAAAAAAAAAAAAAAAAAAAAAAAAAAAAAAAAAAAAAAAAAAAAAAAAAAAAAAAAAAAAAAAAAAAAAAAAAAAAAAAAAAAAAAAAAAAAAAAAAAAAAAAAAAAAAAAAAAAAAAAAAAAAAAAAAAAAAAAAAAAAAAAAAAAAAAAAAAAAAAAAAAAAAAAAAAAAAAAAAAAAAAAAAAAAAAAAAAAAAAAAAAAAAAAAAAAAAAAAAAAAAAAAAAAAAAAAAAAAAAAAAAAAAAAAAAAAAAAAAAAAAAAAAAAAAAAAAAAAAAAAAAAAAAAAAAAAAAAAAAAAAAAAAAAAAAAAAAAAAAAAAAAAAAAAAAAAAAAAAAAAAAAAAAAAAAAAAAAAAAAAAAAAAAAAAAAAAAAAAAAAAAAAAAAAAAAAAAAAAAAAAAAAAAAAAAAAAAAAAAAAAAAAAAAAAAAAAAAAAAAAAAAAAAAAAAAAAAAAAAAAAAAAAAAAAAAAAAAAAAAAAAAAAAAAAAAAAAAAAAAAAAAAAAAAAAAAAAAAAAAAAAAAAAAAAAAAAAAAAAAAAAAAAAAAAAAAAAAAAAAAAAAAAAAAAAAAAAAAAAAAAAAAAAAAAAAAAAAAAAAAAAAAAAAAAAAAAAAAAAAAAAAAAAAAAAAAAAAAAAAAAAAAAAAAAAAAAAAAAAAAAAAAAAAAAAAAAAAAAAAAAAAAAAAAAAAAAAAAAAAAAAAAAAAAAAAAAAAAAAAAAAAAAAAAAAAAAAAAAAAAAAAAAAAAAAAAAAAAAAAAAAAAAAAAAAAAAAAAAAAAAAAAAAAAAAAAAAAAAAAAAAAAAAAAAAAAAAAAAAAAAAAAAAAAAAAAAAAAAAAAAAAAAAAAAAAAAAAAAAAAAAAAAAAAAAAAAAAAAAAAAAAAAAAAAAAAAAAAAAAAAAAAAAAAAAAAAAAAAAAAAAAAAAAAAAAAAAAAAAAAAAAAAAAAAAAAAAAAAAAAAAAAAAAAAAAAAAAAAAAAAAAAAAAAAAAAAAAAAAAAAAAAAAAAAAAAAAAAAAAAAAAAAAAAAAAAAAAAAAAAAAAAAAAAAAAAAAAAAAAAAAAAAAAAAAAAAA=', 1, NULL, NULL);

-- --------------------------------------------------------

--
-- Table structure for table `return`
--

CREATE TABLE `return` (
  `return_id` int(11) NOT NULL,
  `return_status` int(11) NOT NULL,
  `book_id` int(11) NOT NULL,
  `borrow_id` int(11) NOT NULL,
  `done_id` int(11) DEFAULT NULL,
  `penalty_day` int(11) DEFAULT NULL,
  `penalty_amount` double(8,2) DEFAULT NULL,
  `nilam_status` int(11) NOT NULL,
  `nilam_desc` text
) ENGINE=InnoDB DEFAULT CHARSET=latin1;

--
-- Dumping data for table `return`
--

INSERT INTO `return` (`return_id`, `return_status`, `book_id`, `borrow_id`, `done_id`, `penalty_day`, `penalty_amount`, `nilam_status`, `nilam_desc`) VALUES
(31, 1, 27, 26, 12, 0, 0.00, 0, NULL),
(33, 1, 17, 27, 13, 0, 0.00, 1, 'Buku yang bertajuk Super Skills : Reka Bentuk dan Teknologi  ini sangat menarik dan membantu saya dalam pelajaran. '),
(35, 1, 14, 29, 16, 0, 0.00, 1, 'Buku yang bertajuk Tatabahasa Dewan : Bentuk Kata ini sangat menarik dan membantu saya dalam pelajaran. '),
(36, 1, 23, 29, 17, 5, 1.00, 1, 'Buku yang bertajuk Novel : Pantai Kasih  ini sangat menarik dan membantu saya dalam pelajaran. '),
(37, 1, 13, 30, 18, 0, 0.00, 0, NULL),
(38, 1, 29, 30, 19, 10, 2.00, 0, NULL),
(39, 1, 15, 30, 18, 0, 0.00, 0, NULL),
(40, 1, 34, 31, 20, 0, 0.00, 1, 'Buku yang bertajuk Teks: Permata Sastera Melayu  ini sangat menarik dan membantu saya dalam pelajaran. '),
(41, 1, 32, 32, 21, 0, 0.00, 0, NULL),
(42, 1, 34, 33, 22, 4, 0.80, 1, 'Buku yang bertajuk Teks: Permata Sastera Melayu  ini sangat menarik dan membantu saya dalam pelajaran. '),
(43, 1, 16, 34, 25, 2, 0.40, 1, 'Buku yang bertajuk Super Skills : Reka Bentuk dan Teknologi  ini sangat menarik dan membantu saya dalam pelajaran. '),
(44, 1, 15, 35, 23, 2, 0.40, 1, 'Buku yang bertajuk Tatabahasa Dewan : Bentuk Kata ini sangat menarik dan membantu saya dalam pelajaran. '),
(45, 1, 13, 36, 24, 2, 0.40, 0, NULL),
(46, 1, 27, 37, 26, 0, 0.00, 1, 'Buku yang bertajuk Falsafah Hidup - Prof. Dr. Hamka  ini sangat menarik dan membantu saya dalam pelajaran. '),
(47, 1, 25, 38, 27, 15, 3.00, 0, NULL),
(48, 1, 29, 39, 30, 15, 3.00, 1, 'Buku yang bertajuk Saya Ingin Tahu Tentang Sains : Haba ini sangat menarik dan membantu saya dalam pelajaran. '),
(49, 1, 10, 39, 29, 0, 0.00, 1, 'Buku yang bertajukTatabahasa Dewan : Binaan Ayat  ini sangat menarik dan membantu saya dalam pelajaran. '),
(50, 1, 13, 39, 29, 0, 0.00, 1, 'Buku yang bertajuk Tatabahasa Dewan : Golongan Kata  ini sangat menarik dan membantu saya dalam pelajaran. '),
(51, 1, 34, 40, 28, 0, 0.00, 1, 'Buku yang bertajuk Teks: Permata Sastera Melayu  ini sangat menarik dan membantu saya dalam pelajaran. '),
(52, 1, 32, 40, 31, 15, 3.00, 1, 'Buku yang bertajuk Silat - Warisan Bangsa Malaysia a ini sangat menarik dan membantu saya dalam pelajaran. '),
(53, 1, 16, 41, 32, 0, 0.00, 0, NULL),
(54, 1, 32, 41, 32, 0, 0.00, 0, NULL),
(55, 1, 34, 41, 36, 4, 1.60, 0, NULL),
(56, 1, 25, 42, 33, 0, 0.00, 0, NULL),
(57, 1, 27, 42, 33, 0, 0.00, 0, NULL),
(58, 1, 29, 42, 35, 10, 2.00, 0, NULL),
(59, 1, 15, 43, 34, 0, 0.00, 1, 'Buku yang bertajuk Tatabahasa Dewan : Bentuk Kata ini sangat menarik dan membantu saya dalam pelajaran. '),
(60, 1, 32, 44, 38, 9, 1.80, 1, 'Buku yang bertajuk  Silat - Warisan Bangsa Malaysia  ini sangat menarik dan membantu saya dalam pelajaran. '),
(61, 1, 34, 45, 37, 9, 1.80, 1, 'Buku yang bertajuk Teks: Permata Sastera Melayu  ini sangat menarik dan membantu saya dalam pelajaran. '),
(62, 1, 16, 46, 37, 0, 0.00, 1, 'Buku yang bertajuk Super Skills : Reka Bentuk dan Teknologi  ini sangat menarik dan membantu saya dalam pelajaran. '),
(63, 1, 16, 47, 39, 15, 3.00, 1, 'Buku yang bertajuk Super Skills : Reka Bentuk dan Teknologi  ini sangat menarik dan membantu saya dalam pelajaran. '),
(64, 1, 16, 48, 40, 15, 3.00, 1, 'Buku yang bertajuk Super Skills : Reka Bentuk dan Teknologi  ini sangat menarik dan membantu saya dalam pelajaran. '),
(65, 1, 32, 49, 40, 11, 2.20, 1, 'Buku yang bertajuk Silat - Warisan Bangsa Malaysia  ini sangat menarik dan membantu saya dalam pelajaran. '),
(66, 1, 34, 50, 41, 4, 0.80, 1, 'Buku yang bertajukTeks: Permata Sastera Melayu  ini sangat menarik dan membantu saya dalam pelajaran. '),
(67, 1, 16, 51, 42, 13, 2.60, 0, NULL),
(68, 1, 34, 52, 42, 10, 2.00, 0, NULL),
(69, 0, 30, 53, NULL, NULL, NULL, 0, NULL),
(70, 0, 13, 54, NULL, NULL, NULL, 0, NULL),
(71, 1, 18, 55, 46, 0, 0.00, 0, NULL),
(75, 1, 31, 58, 46, 0, 0.00, 0, NULL),
(76, 1, 27, 59, 47, 0, 0.00, 0, NULL),
(77, 1, 28, 60, 47, 0, 0.00, 0, NULL);

-- --------------------------------------------------------

--
-- Table structure for table `shelf`
--

CREATE TABLE `shelf` (
  `shelf_id` int(11) NOT NULL,
  `shelf_no` varchar(25) NOT NULL,
  `category_id` int(11) NOT NULL
) ENGINE=InnoDB DEFAULT CHARSET=latin1;

--
-- Dumping data for table `shelf`
--

INSERT INTO `shelf` (`shelf_id`, `shelf_no`, `category_id`) VALUES
(1, 'Shelf 01', 1),
(2, 'Shelf 02', 2),
(3, 'Shelf 03', 3),
(4, 'Shelf 04', 4),
(5, 'Shelf 05', 5),
(6, 'Shelf 06', 6),
(7, 'Shelf 07', 7),
(8, 'Shelf 08', 8),
(9, 'Shelf 09', 9),
(10, 'Shelf 10', 10),
(11, 'Shelf 11', 1);

-- --------------------------------------------------------

--
-- Table structure for table `type`
--

CREATE TABLE `type` (
  `type_id` int(11) NOT NULL,
  `type_name` varchar(255) NOT NULL,
  `book_limit` int(11) NOT NULL,
  `borrow_day` int(11) NOT NULL,
  `penalty_rate` double(5,2) NOT NULL,
  `admin_id` int(11) NOT NULL
) ENGINE=InnoDB DEFAULT CHARSET=latin1;

--
-- Dumping data for table `type`
--

INSERT INTO `type` (`type_id`, `type_name`, `book_limit`, `borrow_day`, `penalty_rate`, `admin_id`) VALUES
(1, 'Student', 3, 14, 0.20, 1),
(2, 'Teacher', 3, 21, 0.40, 1);

--
-- Indexes for dumped tables
--

--
-- Indexes for table `admin`
--
ALTER TABLE `admin`
  ADD PRIMARY KEY (`admin_id`);

--
-- Indexes for table `book`
--
ALTER TABLE `book`
  ADD PRIMARY KEY (`book_id`),
  ADD KEY `category_id` (`category_id`),
  ADD KEY `shelf_id` (`shelf_id`);

--
-- Indexes for table `borrow`
--
ALTER TABLE `borrow`
  ADD PRIMARY KEY (`borrow_id`),
  ADD KEY `member_id` (`member_id`);

--
-- Indexes for table `category`
--
ALTER TABLE `category`
  ADD PRIMARY KEY (`category_id`),
  ADD KEY `admin_id` (`admin_id`);

--
-- Indexes for table `done`
--
ALTER TABLE `done`
  ADD PRIMARY KEY (`done_id`),
  ADD KEY `member_id` (`member_id`);

--
-- Indexes for table `gender`
--
ALTER TABLE `gender`
  ADD PRIMARY KEY (`gender_id`);

--
-- Indexes for table `librarian`
--
ALTER TABLE `librarian`
  ADD PRIMARY KEY (`librarian_id`),
  ADD KEY `admin_id` (`admin_id`);

--
-- Indexes for table `member`
--
ALTER TABLE `member`
  ADD PRIMARY KEY (`member_id`),
  ADD KEY `gender_id` (`gender_id`),
  ADD KEY `type_id` (`type_id`);

--
-- Indexes for table `return`
--
ALTER TABLE `return`
  ADD PRIMARY KEY (`return_id`),
  ADD KEY `book_id` (`book_id`),
  ADD KEY `borrow_id` (`borrow_id`),
  ADD KEY `done_id` (`done_id`),
  ADD KEY `done_id_2` (`done_id`);

--
-- Indexes for table `shelf`
--
ALTER TABLE `shelf`
  ADD PRIMARY KEY (`shelf_id`),
  ADD KEY `category_id` (`category_id`);

--
-- Indexes for table `type`
--
ALTER TABLE `type`
  ADD PRIMARY KEY (`type_id`),
  ADD KEY `admin_id` (`admin_id`);

--
-- AUTO_INCREMENT for dumped tables
--

--
-- AUTO_INCREMENT for table `admin`
--
ALTER TABLE `admin`
  MODIFY `admin_id` int(11) NOT NULL AUTO_INCREMENT, AUTO_INCREMENT=2;
--
-- AUTO_INCREMENT for table `book`
--
ALTER TABLE `book`
  MODIFY `book_id` int(11) NOT NULL AUTO_INCREMENT, AUTO_INCREMENT=40;
--
-- AUTO_INCREMENT for table `borrow`
--
ALTER TABLE `borrow`
  MODIFY `borrow_id` int(11) NOT NULL AUTO_INCREMENT, AUTO_INCREMENT=61;
--
-- AUTO_INCREMENT for table `category`
--
ALTER TABLE `category`
  MODIFY `category_id` int(11) NOT NULL AUTO_INCREMENT, AUTO_INCREMENT=12;
--
-- AUTO_INCREMENT for table `done`
--
ALTER TABLE `done`
  MODIFY `done_id` int(11) NOT NULL AUTO_INCREMENT, AUTO_INCREMENT=48;
--
-- AUTO_INCREMENT for table `gender`
--
ALTER TABLE `gender`
  MODIFY `gender_id` int(11) NOT NULL AUTO_INCREMENT, AUTO_INCREMENT=3;
--
-- AUTO_INCREMENT for table `librarian`
--
ALTER TABLE `librarian`
  MODIFY `librarian_id` int(11) NOT NULL AUTO_INCREMENT, AUTO_INCREMENT=12;
--
-- AUTO_INCREMENT for table `member`
--
ALTER TABLE `member`
  MODIFY `member_id` int(11) NOT NULL AUTO_INCREMENT, AUTO_INCREMENT=57;
--
-- AUTO_INCREMENT for table `return`
--
ALTER TABLE `return`
  MODIFY `return_id` int(11) NOT NULL AUTO_INCREMENT, AUTO_INCREMENT=78;
--
-- AUTO_INCREMENT for table `shelf`
--
ALTER TABLE `shelf`
  MODIFY `shelf_id` int(11) NOT NULL AUTO_INCREMENT, AUTO_INCREMENT=13;
--
-- AUTO_INCREMENT for table `type`
--
ALTER TABLE `type`
  MODIFY `type_id` int(11) NOT NULL AUTO_INCREMENT, AUTO_INCREMENT=6;
--
-- Constraints for dumped tables
--

--
-- Constraints for table `book`
--
ALTER TABLE `book`
  ADD CONSTRAINT `book_ibfk_1` FOREIGN KEY (`category_id`) REFERENCES `category` (`category_id`),
  ADD CONSTRAINT `book_ibfk_2` FOREIGN KEY (`shelf_id`) REFERENCES `shelf` (`shelf_id`);

--
-- Constraints for table `borrow`
--
ALTER TABLE `borrow`
  ADD CONSTRAINT `borrow_ibfk_1` FOREIGN KEY (`member_id`) REFERENCES `member` (`member_id`);

--
-- Constraints for table `category`
--
ALTER TABLE `category`
  ADD CONSTRAINT `category_ibfk_1` FOREIGN KEY (`admin_id`) REFERENCES `admin` (`admin_id`);

--
-- Constraints for table `done`
--
ALTER TABLE `done`
  ADD CONSTRAINT `done_ibfk_1` FOREIGN KEY (`member_id`) REFERENCES `member` (`member_id`);

--
-- Constraints for table `librarian`
--
ALTER TABLE `librarian`
  ADD CONSTRAINT `librarian_ibfk_1` FOREIGN KEY (`admin_id`) REFERENCES `admin` (`admin_id`);

--
-- Constraints for table `member`
--
ALTER TABLE `member`
  ADD CONSTRAINT `member_ibfk_1` FOREIGN KEY (`gender_id`) REFERENCES `gender` (`gender_id`),
  ADD CONSTRAINT `member_ibfk_2` FOREIGN KEY (`type_id`) REFERENCES `type` (`type_id`);

--
-- Constraints for table `return`
--
ALTER TABLE `return`
  ADD CONSTRAINT `return_ibfk_1` FOREIGN KEY (`book_id`) REFERENCES `book` (`book_id`),
  ADD CONSTRAINT `return_ibfk_2` FOREIGN KEY (`borrow_id`) REFERENCES `borrow` (`borrow_id`),
  ADD CONSTRAINT `return_ibfk_3` FOREIGN KEY (`done_id`) REFERENCES `done` (`done_id`);

--
-- Constraints for table `shelf`
--
ALTER TABLE `shelf`
  ADD CONSTRAINT `shelf_ibfk_1` FOREIGN KEY (`category_id`) REFERENCES `category` (`category_id`);

--
-- Constraints for table `type`
--
ALTER TABLE `type`
  ADD CONSTRAINT `type_ibfk_1` FOREIGN KEY (`admin_id`) REFERENCES `admin` (`admin_id`);

/*!40101 SET CHARACTER_SET_CLIENT=@OLD_CHARACTER_SET_CLIENT */;
/*!40101 SET CHARACTER_SET_RESULTS=@OLD_CHARACTER_SET_RESULTS */;
/*!40101 SET COLLATION_CONNECTION=@OLD_COLLATION_CONNECTION */;
